{
 "type": "FeatureCollection",
 "features": [
  {
   "type": "Feature",
   "geometry": {
    "type": "Point",
    "coordinates": [
     139.959076,
     35.713181
    ]
   },
   "properties": {
    "SOURCE_FILE": "funabashi.csv",
    "NAME": "葛飾小学校",
    "ADDRESS": "印内１－２－１",
    "DEPTH_M": "101.5",
    "POS_SOURCE": "住所からジオコーディング"
   }
  },
  {
   "type": "Feature",
   "geometry": {
    "type": "Point",
    "coordinates": [
     140.034943,
     35.703922
    ]
   },
   "properties": {
    "SOURCE_FILE": "funabashi.csv",
    "NAME": "二宮中学校",
    "ADDRESS": "滝台１－２－１",
    "DEPTH_M": "101.5",
    "POS_SOURCE": "住所からジオコーディング"
   }
  },
  {
   "type": "Feature",
   "geometry": {
    "type": "Point",
    "coordinates": [
     140.002213,
     35.69574
    ]
   },
   "properties": {
    "SOURCE_FILE": "funabashi.csv",
    "NAME": "東船橋防災倉庫",
    "ADDRESS": "東船橋７－８－５",
    "DEPTH_M": "101.5",
    "POS_SOURCE": "住所からジオコーディング"
   }
  },
  {
   "type": "Feature",
   "geometry": {
    "type": "Point",
    "coordinates": [
     140.045441,
     35.698738
    ]
   },
   "properties": {
    "SOURCE_FILE": "funabashi.csv",
    "NAME": "三田中学校",
    "ADDRESS": "田喜野井２－２４－１",
    "DEPTH_M": "105",
    "POS_SOURCE": "住所からジオコーディング"
   }
  },
  {
   "type": "Feature",
   "geometry": {
    "type": "Point",
    "coordinates": [
     140.049545,
     35.737984
    ]
   },
   "properties": {
    "SOURCE_FILE": "funabashi.csv",
    "NAME": "古和釜中学校",
    "ADDRESS": "松が丘３－６９－１",
    "DEPTH_M": "105",
    "POS_SOURCE": "住所からジオコーディング"
   }
  },
  {
   "type": "Feature",
   "geometry": {
    "type": "Point",
    "coordinates": [
     140.018066,
     35.718388
    ]
   },
   "properties": {
    "SOURCE_FILE": "funabashi.csv",
    "NAME": "芝山防災倉庫",
    "ADDRESS": "芝山１－３９－１０",
    "DEPTH_M": "105",
    "POS_SOURCE": "住所からジオコーディング"
   }
  },
  {
   "type": "Feature",
   "geometry": {
    "type": "Point",
    "coordinates": [
     140.033463,
     35.760254
    ]
   },
   "properties": {
    "SOURCE_FILE": "funabashi.csv",
    "NAME": "八木が谷中学校",
    "ADDRESS": "八木が谷２－９－１",
    "DEPTH_M": "108",
    "POS_SOURCE": "住所からジオコーディング"
   }
  },
  {
   "type": "Feature",
   "geometry": {
    "type": "Point",
    "coordinates": [
     139.986267,
     35.710308
    ]
   },
   "properties": {
    "SOURCE_FILE": "funabashi.csv",
    "NAME": "夏見防災倉庫",
    "ADDRESS": "夏見２－１１－３",
    "DEPTH_M": "105",
    "POS_SOURCE": "住所からジオコーディング"
   }
  },
  {
   "type": "Feature",
   "geometry": {
    "type": "Point",
    "coordinates": [
     140.041824,
     35.729088
    ]
   },
   "properties": {
    "SOURCE_FILE": "funabashi.csv",
    "NAME": "高根台第二小学校",
    "ADDRESS": "高根台５－２－１",
    "DEPTH_M": "101.5",
    "POS_SOURCE": "住所からジオコーディング"
   }
  },
  {
   "type": "Feature",
   "geometry": {
    "type": "Point",
    "coordinates": [
     140.075287,
     35.790733
    ]
   },
   "properties": {
    "SOURCE_FILE": "funabashi.csv",
    "NAME": "小室小学校",
    "ADDRESS": "小室８９９",
    "DEPTH_M": "101.5",
    "POS_SOURCE": "住所からジオコーディング"
   }
  },
  {
   "type": "Feature",
   "geometry": {
    "type": "Point",
    "coordinates": [
     140.046097,
     35.707569
    ]
   },
   "properties": {
    "SOURCE_FILE": "funabashi.csv",
    "NAME": "薬円台防災倉庫",
    "ADDRESS": "薬円台２－１８－１",
    "DEPTH_M": "101.5",
    "POS_SOURCE": "住所からジオコーディング"
   }
  },
  {
   "type": "Feature",
   "geometry": {
    "type": "Point",
    "coordinates": [
     140.036606,
     35.753475
    ]
   },
   "properties": {
    "SOURCE_FILE": "funabashi.csv",
    "NAME": "三咲防災倉庫",
    "ADDRESS": "三咲３－６－１４",
    "DEPTH_M": "101.5",
    "POS_SOURCE": "住所からジオコーディング"
   }
  },
  {
   "type": "Feature",
   "geometry": {
    "type": "Point",
    "coordinates": [
     139.971756,
     35.718998
    ]
   },
   "properties": {
    "SOURCE_FILE": "funabashi.csv",
    "NAME": "行田防災倉庫",
    "ADDRESS": "行田２－１－１",
    "DEPTH_M": "101.5",
    "POS_SOURCE": "住所からジオコーディング"
   }
  },
  {
   "type": "Feature",
   "geometry": {
    "type": "Point",
    "coordinates": [
     139.998505,
     35.723766
    ]
   },
   "properties": {
    "SOURCE_FILE": "funabashi.csv",
    "NAME": "医療センター",
    "ADDRESS": "金杉１－２１－１",
    "DEPTH_M": "101.5",
    "POS_SOURCE": "住所からジオコーディング"
   }
  },
  {
   "type": "Feature",
   "geometry": {
    "type": "Point",
    "coordinates": [
     139.98114,
     35.689896
    ]
   },
   "properties": {
    "SOURCE_FILE": "funabashi.csv",
    "NAME": "湊中学校",
    "ADDRESS": "日の出１－１－２",
    "DEPTH_M": "150",
    "POS_SOURCE": "住所からジオコーディング"
   }
  },
  {
   "type": "Feature",
   "geometry": {
    "type": "Point",
    "coordinates": [
     139.943954,
     35.711964
    ]
   },
   "properties": {
    "SOURCE_FILE": "funabashi.csv",
    "NAME": "小栗原小学校",
    "ADDRESS": "本中山３－１６－１２",
    "DEPTH_M": "150",
    "POS_SOURCE": "住所からジオコーディング"
   }
  },
  {
   "type": "Feature",
   "geometry": {
    "type": "Point",
    "coordinates": [
     139.978027,
     35.742062
    ]
   },
   "properties": {
    "SOURCE_FILE": "funabashi.csv",
    "NAME": "法典公園",
    "ADDRESS": "藤原５－９－１０",
    "DEPTH_M": "150",
    "POS_SOURCE": "住所からジオコーディング"
   }
  },
  {
   "type": "Feature",
   "geometry": {
    "type": "Point",
    "coordinates": [
     140.054657,
     35.720448
    ]
   },
   "properties": {
    "SOURCE_FILE": "funabashi.csv",
    "NAME": "北習志野第7号公園",
    "ADDRESS": "習志野台６－２７",
    "DEPTH_M": "60",
    "POS_SOURCE": "住所からジオコーディング"
   }
  },
  {
   "type": "Feature",
   "geometry": {
    "type": "Point",
    "coordinates": [
     140.024582,
     35.695171
    ]
   },
   "properties": {
    "SOURCE_FILE": "funabashi.csv",
    "NAME": "前原小学校",
    "ADDRESS": "前原西２－２８－１",
    "DEPTH_M": "60",
    "POS_SOURCE": "住所からジオコーディング"
   }
  },
  {
   "type": "Feature",
   "geometry": {
    "type": "Point",
    "coordinates": [
     140.056732,
     35.730602
    ]
   },
   "properties": {
    "SOURCE_FILE": "funabashi.csv",
    "NAME": "坪井中学校",
    "ADDRESS": "坪井東１－２４－１",
    "DEPTH_M": "100",
    "POS_SOURCE": "住所からジオコーディング"
   }
  },
  {
   "type": "Feature",
   "geometry": {
    "type": "Point",
    "coordinates": [
     140.034286,
     35.740681
    ]
   },
   "properties": {
    "SOURCE_FILE": "funabashi.csv",
    "NAME": "大穴小学校",
    "ADDRESS": "大穴南２－７－１",
    "DEPTH_M": "100",
    "POS_SOURCE": "住所からジオコーディング"
   }
  },
  {
   "type": "Feature",
   "geometry": {
    "type": "Point",
    "coordinates": [
     139.979645,
     35.703136
    ]
   },
   "properties": {
    "SOURCE_FILE": "funabashi.csv",
    "NAME": "海神小学校",
    "ADDRESS": "海神２－６－５",
    "DEPTH_M": "100",
    "POS_SOURCE": "住所からジオコーディング"
   }
  },
  {
   "type": "Feature",
   "geometry": {
    "type": "Point",
    "coordinates": [
     140.021652,
     35.741161
    ]
   },
   "properties": {
    "SOURCE_FILE": "funabashi.csv",
    "NAME": "二和小学校",
    "ADDRESS": "二和東１－９－１１",
    "DEPTH_M": "100",
    "POS_SOURCE": "住所からジオコーディング"
   }
  },
  {
   "type": "Feature",
   "geometry": {
    "type": "Point",
    "coordinates": [
     139.989182,
     35.699833
    ]
   },
   "properties": {
    "SOURCE_FILE": "funabashi.csv",
    "NAME": "船橋小学校",
    "ADDRESS": "本町４－１７－２０",
    "DEPTH_M": "120",
    "POS_SOURCE": "住所からジオコーディング"
   }
  },
  {
   "type": "Feature",
   "geometry": {
    "type": "Point",
    "coordinates": [
     140.046722,
     35.735401
    ]
   },
   "properties": {
    "SOURCE_FILE": "funabashi.csv",
    "NAME": "古和釜小学校",
    "ADDRESS": "松が丘３－４２－１",
    "DEPTH_M": "100",
    "POS_SOURCE": "住所からジオコーディング"
   }
  },
  {
   "type": "Feature",
   "geometry": {
    "type": "Point",
    "coordinates": [
     139.992065,
     35.702068
    ]
   },
   "properties": {
    "SOURCE_FILE": "funabashi.csv",
    "NAME": "市場小学校",
    "ADDRESS": "市場１－５－１",
    "DEPTH_M": "100",
    "POS_SOURCE": "住所からジオコーディング"
   }
  },
  {
   "type": "Feature",
   "geometry": {
    "type": "Point",
    "coordinates": [
     140.038712,
     35.717171
    ]
   },
   "properties": {
    "SOURCE_FILE": "funabashi.csv",
    "NAME": "七林小学校",
    "ADDRESS": "七林町１１５－１３",
    "DEPTH_M": "100",
    "POS_SOURCE": "住所からジオコーディング"
   }
  },
  {
   "type": "Feature",
   "geometry": {
    "type": "Point",
    "coordinates": [
     140.027237,
     35.722721
    ]
   },
   "properties": {
    "SOURCE_FILE": "funabashi.csv",
    "NAME": "芝山緑地",
    "ADDRESS": "芝山５－４６",
    "DEPTH_M": "100",
    "POS_SOURCE": "住所からジオコーディング"
   }
  },
  {
   "type": "Feature",
   "geometry": {
    "type": "Point",
    "coordinates": [
     140.114303,
     35.607909
    ]
   },
   "properties": {
    "SOURCE_FILE": "chiba.csv",
    "NAME": "新宿小学校",
    "ADDRESS": "千葉市中央区新宿２－１５－１",
    "DEPTH_M": "",
    "POS_SOURCE": "原本の座標"
   }
  },
  {
   "type": "Feature",
   "geometry": {
    "type": "Point",
    "coordinates": [
     140.128119,
     35.60932
    ]
   },
   "properties": {
    "SOURCE_FILE": "chiba.csv",
    "NAME": "本町小学校",
    "ADDRESS": "千葉市中央区本町２－６－２３",
    "DEPTH_M": "",
    "POS_SOURCE": "原本の座標"
   }
  },
  {
   "type": "Feature",
   "geometry": {
    "type": "Point",
    "coordinates": [
     140.121804,
     35.597317
    ]
   },
   "properties": {
    "SOURCE_FILE": "chiba.csv",
    "NAME": "寒川小学校",
    "ADDRESS": "千葉市中央区寒川町１－２０５",
    "DEPTH_M": "",
    "POS_SOURCE": "原本の座標"
   }
  },
  {
   "type": "Feature",
   "geometry": {
    "type": "Point",
    "coordinates": [
     140.125796,
     35.615512
    ]
   },
   "properties": {
    "SOURCE_FILE": "chiba.csv",
    "NAME": "院内小学校",
    "ADDRESS": "千葉市中央区祐光１－２５－３",
    "DEPTH_M": "",
    "POS_SOURCE": "原本の座標"
   }
  },
  {
   "type": "Feature",
   "geometry": {
    "type": "Point",
    "coordinates": [
     140.131263,
     35.578211
    ]
   },
   "properties": {
    "SOURCE_FILE": "chiba.csv",
    "NAME": "蘇我小学校",
    "ADDRESS": "千葉市中央区今井３－１５－３２",
    "DEPTH_M": "",
    "POS_SOURCE": "原本の座標"
   }
  },
  {
   "type": "Feature",
   "geometry": {
    "type": "Point",
    "coordinates": [
     140.144835,
     35.612507
    ]
   },
   "properties": {
    "SOURCE_FILE": "chiba.csv",
    "NAME": "都小学校",
    "ADDRESS": "千葉市中央区都町１１２９",
    "DEPTH_M": "",
    "POS_SOURCE": "原本の座標"
   }
  },
  {
   "type": "Feature",
   "geometry": {
    "type": "Point",
    "coordinates": [
     140.155405,
     35.586438
    ]
   },
   "properties": {
    "SOURCE_FILE": "chiba.csv",
    "NAME": "松ヶ丘小学校",
    "ADDRESS": "千葉市中央区松ヶ丘町５８０",
    "DEPTH_M": "",
    "POS_SOURCE": "原本の座標"
   }
  },
  {
   "type": "Feature",
   "geometry": {
    "type": "Point",
    "coordinates": [
     140.167967,
     35.584782
    ]
   },
   "properties": {
    "SOURCE_FILE": "chiba.csv",
    "NAME": "川戸小学校",
    "ADDRESS": "千葉市中央区川戸町４５０",
    "DEPTH_M": "",
    "POS_SOURCE": "原本の座標"
   }
  },
  {
   "type": "Feature",
   "geometry": {
    "type": "Point",
    "coordinates": [
     140.146688,
     35.596806
    ]
   },
   "properties": {
    "SOURCE_FILE": "chiba.csv",
    "NAME": "星久喜小学校",
    "ADDRESS": "千葉市中央区星久喜町１０６０",
    "DEPTH_M": "",
    "POS_SOURCE": "原本の座標"
   }
  },
  {
   "type": "Feature",
   "geometry": {
    "type": "Point",
    "coordinates": [
     140.131289,
     35.558963
    ]
   },
   "properties": {
    "SOURCE_FILE": "chiba.csv",
    "NAME": "生浜西小学校",
    "ADDRESS": "千葉市中央区塩田町３１６－１",
    "DEPTH_M": "",
    "POS_SOURCE": "原本の座標"
   }
  },
  {
   "type": "Feature",
   "geometry": {
    "type": "Point",
    "coordinates": [
     140.068613,
     35.648881
    ]
   },
   "properties": {
    "SOURCE_FILE": "chiba.csv",
    "NAME": "検見川小学校",
    "ADDRESS": "千葉市花見川区検見川町３－３２２－２３",
    "DEPTH_M": "",
    "POS_SOURCE": "原本の座標"
   }
  },
  {
   "type": "Feature",
   "geometry": {
    "type": "Point",
    "coordinates": [
     140.053739,
     35.661884
    ]
   },
   "properties": {
    "SOURCE_FILE": "chiba.csv",
    "NAME": "幕張小学校",
    "ADDRESS": "千葉市花見川区幕張町４－７８１",
    "DEPTH_M": "",
    "POS_SOURCE": "原本の座標"
   }
  },
  {
   "type": "Feature",
   "geometry": {
    "type": "Point",
    "coordinates": [
     140.108168,
     35.67297
    ]
   },
   "properties": {
    "SOURCE_FILE": "chiba.csv",
    "NAME": "犢橋小学校",
    "ADDRESS": "千葉市花見川区犢橋町７７４",
    "DEPTH_M": "",
    "POS_SOURCE": "原本の座標"
   }
  },
  {
   "type": "Feature",
   "geometry": {
    "type": "Point",
    "coordinates": [
     140.120359,
     35.696165
    ]
   },
   "properties": {
    "SOURCE_FILE": "chiba.csv",
    "NAME": "横戸小学校",
    "ADDRESS": "千葉市花見川区横戸町１００５",
    "DEPTH_M": "",
    "POS_SOURCE": "原本の座標"
   }
  },
  {
   "type": "Feature",
   "geometry": {
    "type": "Point",
    "coordinates": [
     140.073743,
     35.684214
    ]
   },
   "properties": {
    "SOURCE_FILE": "chiba.csv",
    "NAME": "長作小学校",
    "ADDRESS": "千葉市花見川区長作町１２７３",
    "DEPTH_M": "",
    "POS_SOURCE": "原本の座標"
   }
  },
  {
   "type": "Feature",
   "geometry": {
    "type": "Point",
    "coordinates": [
     140.101329,
     35.688791
    ]
   },
   "properties": {
    "SOURCE_FILE": "chiba.csv",
    "NAME": "花見川第二小学校",
    "ADDRESS": "千葉市花見川区花見川６－１",
    "DEPTH_M": "",
    "POS_SOURCE": "原本の座標"
   }
  },
  {
   "type": "Feature",
   "geometry": {
    "type": "Point",
    "coordinates": [
     140.088844,
     35.685277
    ]
   },
   "properties": {
    "SOURCE_FILE": "chiba.csv",
    "NAME": "花見川第三小学校",
    "ADDRESS": "千葉市花見川区花見川１－１",
    "DEPTH_M": "",
    "POS_SOURCE": "原本の座標"
   }
  },
  {
   "type": "Feature",
   "geometry": {
    "type": "Point",
    "coordinates": [
     140.099185,
     35.663923
    ]
   },
   "properties": {
    "SOURCE_FILE": "chiba.csv",
    "NAME": "さつきが丘東小学校",
    "ADDRESS": "千葉市花見川区さつきが丘１－７",
    "DEPTH_M": "",
    "POS_SOURCE": "原本の座標"
   }
  },
  {
   "type": "Feature",
   "geometry": {
    "type": "Point",
    "coordinates": [
     140.050455,
     35.668121
    ]
   },
   "properties": {
    "SOURCE_FILE": "chiba.csv",
    "NAME": "上の台小学校",
    "ADDRESS": "千葉市花見川区幕張本郷４－８－１",
    "DEPTH_M": "",
    "POS_SOURCE": "原本の座標"
   }
  },
  {
   "type": "Feature",
   "geometry": {
    "type": "Point",
    "coordinates": [
     140.085505,
     35.659229
    ]
   },
   "properties": {
    "SOURCE_FILE": "chiba.csv",
    "NAME": "朝日ヶ丘小学校",
    "ADDRESS": "千葉市花見川区朝日ヶ丘２－６－１",
    "DEPTH_M": "",
    "POS_SOURCE": "原本の座標"
   }
  },
  {
   "type": "Feature",
   "geometry": {
    "type": "Point",
    "coordinates": [
     140.139945,
     35.692272
    ]
   },
   "properties": {
    "SOURCE_FILE": "chiba.csv",
    "NAME": "宇那谷第一緑地",
    "ADDRESS": "千葉市花見川区み春野２－２１０７－４",
    "DEPTH_M": "",
    "POS_SOURCE": "原本の座標"
   }
  },
  {
   "type": "Feature",
   "geometry": {
    "type": "Point",
    "coordinates": [
     140.120068,
     35.629152
    ]
   },
   "properties": {
    "SOURCE_FILE": "chiba.csv",
    "NAME": "都賀小学校",
    "ADDRESS": "千葉市稲毛区作草部町９３８",
    "DEPTH_M": "",
    "POS_SOURCE": "原本の座標"
   }
  },
  {
   "type": "Feature",
   "geometry": {
    "type": "Point",
    "coordinates": [
     140.097899,
     35.647279
    ]
   },
   "properties": {
    "SOURCE_FILE": "chiba.csv",
    "NAME": "園生小学校",
    "ADDRESS": "千葉市稲毛区小仲台９－３０－１",
    "DEPTH_M": "",
    "POS_SOURCE": "原本の座標"
   }
  },
  {
   "type": "Feature",
   "geometry": {
    "type": "Point",
    "coordinates": [
     140.088013,
     35.632606
    ]
   },
   "properties": {
    "SOURCE_FILE": "chiba.csv",
    "NAME": "稲丘小学校",
    "ADDRESS": "千葉市稲毛区稲丘町１９－３０",
    "DEPTH_M": "",
    "POS_SOURCE": "原本の座標"
   }
  },
  {
   "type": "Feature",
   "geometry": {
    "type": "Point",
    "coordinates": [
     140.101136,
     35.625803
    ]
   },
   "properties": {
    "SOURCE_FILE": "chiba.csv",
    "NAME": "弥生小学校",
    "ADDRESS": "千葉市稲毛区弥生町３－１８",
    "DEPTH_M": "",
    "POS_SOURCE": "原本の座標"
   }
  },
  {
   "type": "Feature",
   "geometry": {
    "type": "Point",
    "coordinates": [
     140.097753,
     35.623442
    ]
   },
   "properties": {
    "SOURCE_FILE": "chiba.csv",
    "NAME": "緑町小学校",
    "ADDRESS": "千葉市稲毛区緑町２－１３－１",
    "DEPTH_M": "",
    "POS_SOURCE": "原本の座標"
   }
  },
  {
   "type": "Feature",
   "geometry": {
    "type": "Point",
    "coordinates": [
     140.142685,
     35.665341
    ]
   },
   "properties": {
    "SOURCE_FILE": "chiba.csv",
    "NAME": "山王小学校",
    "ADDRESS": "千葉市稲毛区山王町１２１",
    "DEPTH_M": "",
    "POS_SOURCE": "原本の座標"
   }
  },
  {
   "type": "Feature",
   "geometry": {
    "type": "Point",
    "coordinates": [
     140.116007,
     35.638225
    ]
   },
   "properties": {
    "SOURCE_FILE": "chiba.csv",
    "NAME": "千草台小学校",
    "ADDRESS": "千葉市稲毛区天台５－１１－１",
    "DEPTH_M": "",
    "POS_SOURCE": "原本の座標"
   }
  },
  {
   "type": "Feature",
   "geometry": {
    "type": "Point",
    "coordinates": [
     140.109734,
     35.658964
    ]
   },
   "properties": {
    "SOURCE_FILE": "chiba.csv",
    "NAME": "宮野木小学校",
    "ADDRESS": "千葉市稲毛区宮野木町２１００",
    "DEPTH_M": "",
    "POS_SOURCE": "原本の座標"
   }
  },
  {
   "type": "Feature",
   "geometry": {
    "type": "Point",
    "coordinates": [
     140.125533,
     35.65317
    ]
   },
   "properties": {
    "SOURCE_FILE": "chiba.csv",
    "NAME": "草野小学校",
    "ADDRESS": "千葉市稲毛区園生町１３８５",
    "DEPTH_M": "",
    "POS_SOURCE": "原本の座標"
   }
  },
  {
   "type": "Feature",
   "geometry": {
    "type": "Point",
    "coordinates": [
     140.16792,
     35.640785
    ]
   },
   "properties": {
    "SOURCE_FILE": "chiba.csv",
    "NAME": "若松小学校",
    "ADDRESS": "千葉市若葉区若松町３６０－１",
    "DEPTH_M": "",
    "POS_SOURCE": "原本の座標"
   }
  },
  {
   "type": "Feature",
   "geometry": {
    "type": "Point",
    "coordinates": [
     140.230974,
     35.580907
    ]
   },
   "properties": {
    "SOURCE_FILE": "chiba.csv",
    "NAME": "白井小学校",
    "ADDRESS": "千葉市若葉区野呂町２１５",
    "DEPTH_M": "",
    "POS_SOURCE": "原本の座標"
   }
  },
  {
   "type": "Feature",
   "geometry": {
    "type": "Point",
    "coordinates": [
     140.228021,
     35.619293
    ]
   },
   "properties": {
    "SOURCE_FILE": "chiba.csv",
    "NAME": "更科小学校",
    "ADDRESS": "千葉市若葉区更科町２０７３",
    "DEPTH_M": "",
    "POS_SOURCE": "原本の座標"
   }
  },
  {
   "type": "Feature",
   "geometry": {
    "type": "Point",
    "coordinates": [
     140.182235,
     35.596181
    ]
   },
   "properties": {
    "SOURCE_FILE": "chiba.csv",
    "NAME": "大宮小学校",
    "ADDRESS": "千葉市若葉区大宮台７－８－１",
    "DEPTH_M": "",
    "POS_SOURCE": "原本の座標"
   }
  },
  {
   "type": "Feature",
   "geometry": {
    "type": "Point",
    "coordinates": [
     140.159517,
     35.621105
    ]
   },
   "properties": {
    "SOURCE_FILE": "chiba.csv",
    "NAME": "桜木小学校",
    "ADDRESS": "千葉市若葉区桜木３－２６－１",
    "DEPTH_M": "",
    "POS_SOURCE": "原本の座標"
   }
  },
  {
   "type": "Feature",
   "geometry": {
    "type": "Point",
    "coordinates": [
     140.18372,
     35.628698
    ]
   },
   "properties": {
    "SOURCE_FILE": "chiba.csv",
    "NAME": "千城台北小学校",
    "ADDRESS": "千葉市若葉区千城台北１－４－１",
    "DEPTH_M": "",
    "POS_SOURCE": "原本の座標"
   }
  },
  {
   "type": "Feature",
   "geometry": {
    "type": "Point",
    "coordinates": [
     140.189326,
     35.618273
    ]
   },
   "properties": {
    "SOURCE_FILE": "chiba.csv",
    "NAME": "千城台南小学校",
    "ADDRESS": "千葉市若葉区千城台南１－１９－１",
    "DEPTH_M": "",
    "POS_SOURCE": "原本の座標"
   }
  },
  {
   "type": "Feature",
   "geometry": {
    "type": "Point",
    "coordinates": [
     140.130816,
     35.634603
    ]
   },
   "properties": {
    "SOURCE_FILE": "chiba.csv",
    "NAME": "みつわ台南小学校",
    "ADDRESS": "千葉市若葉区みつわ台１－１７－１",
    "DEPTH_M": "",
    "POS_SOURCE": "原本の座標"
   }
  },
  {
   "type": "Feature",
   "geometry": {
    "type": "Point",
    "coordinates": [
     140.204475,
     35.549554
    ]
   },
   "properties": {
    "SOURCE_FILE": "chiba.csv",
    "NAME": "誉田小学校",
    "ADDRESS": "千葉市緑区誉田町１－２７",
    "DEPTH_M": "",
    "POS_SOURCE": "原本の座標"
   }
  },
  {
   "type": "Feature",
   "geometry": {
    "type": "Point",
    "coordinates": [
     140.273411,
     35.531626
    ]
   },
   "properties": {
    "SOURCE_FILE": "chiba.csv",
    "NAME": "土気小学校",
    "ADDRESS": "千葉市緑区土気町１６３４－２",
    "DEPTH_M": "",
    "POS_SOURCE": "原本の座標"
   }
  },
  {
   "type": "Feature",
   "geometry": {
    "type": "Point",
    "coordinates": [
     140.237031,
     35.532181
    ]
   },
   "properties": {
    "SOURCE_FILE": "chiba.csv",
    "NAME": "越智小学校",
    "ADDRESS": "千葉市緑区越智町７０５－３５９",
    "DEPTH_M": "",
    "POS_SOURCE": "原本の座標"
   }
  },
  {
   "type": "Feature",
   "geometry": {
    "type": "Point",
    "coordinates": [
     140.17359,
     35.554272
    ]
   },
   "properties": {
    "SOURCE_FILE": "chiba.csv",
    "NAME": "泉谷小学校",
    "ADDRESS": "千葉市緑区おゆみ野中央４－３",
    "DEPTH_M": "",
    "POS_SOURCE": "原本の座標"
   }
  },
  {
   "type": "Feature",
   "geometry": {
    "type": "Point",
    "coordinates": [
     140.265018,
     35.523073
    ]
   },
   "properties": {
    "SOURCE_FILE": "chiba.csv",
    "NAME": "土気南小学校",
    "ADDRESS": "千葉市緑区あすみが丘４－１６",
    "DEPTH_M": "",
    "POS_SOURCE": "原本の座標"
   }
  },
  {
   "type": "Feature",
   "geometry": {
    "type": "Point",
    "coordinates": [
     140.26234,
     35.514374
    ]
   },
   "properties": {
    "SOURCE_FILE": "chiba.csv",
    "NAME": "大椎小学校",
    "ADDRESS": "千葉市緑区あすみが丘６－３８",
    "DEPTH_M": "",
    "POS_SOURCE": "原本の座標"
   }
  },
  {
   "type": "Feature",
   "geometry": {
    "type": "Point",
    "coordinates": [
     140.166093,
     35.56129
    ]
   },
   "properties": {
    "SOURCE_FILE": "chiba.csv",
    "NAME": "有吉小学校",
    "ADDRESS": "千葉市緑区おゆみ野１－５３",
    "DEPTH_M": "",
    "POS_SOURCE": "原本の座標"
   }
  },
  {
   "type": "Feature",
   "geometry": {
    "type": "Point",
    "coordinates": [
     140.168043,
     35.544398
    ]
   },
   "properties": {
    "SOURCE_FILE": "chiba.csv",
    "NAME": "おゆみ野南小学校",
    "ADDRESS": "千葉市緑区おゆみ野南４－２６",
    "DEPTH_M": "",
    "POS_SOURCE": "原本の座標"
   }
  },
  {
   "type": "Feature",
   "geometry": {
    "type": "Point",
    "coordinates": [
     140.038036,
     35.664865
    ]
   },
   "properties": {
    "SOURCE_FILE": "chiba.csv",
    "NAME": "幕張西小学校",
    "ADDRESS": "千葉市美浜区幕張西２－８－１",
    "DEPTH_M": "",
    "POS_SOURCE": "原本の座標"
   }
  },
  {
   "type": "Feature",
   "geometry": {
    "type": "Point",
    "coordinates": [
     140.099009,
     35.61127
    ]
   },
   "properties": {
    "SOURCE_FILE": "chiba.csv",
    "NAME": "幸町第三小学校",
    "ADDRESS": "千葉市美浜区幸町１－１０－１",
    "DEPTH_M": "",
    "POS_SOURCE": "原本の座標"
   }
  },
  {
   "type": "Feature",
   "geometry": {
    "type": "Point",
    "coordinates": [
     140.090536,
     35.621654
    ]
   },
   "properties": {
    "SOURCE_FILE": "chiba.csv",
    "NAME": "幸町小学校",
    "ADDRESS": "千葉市美浜区幸町２－１２－１２",
    "DEPTH_M": "",
    "POS_SOURCE": "原本の座標"
   }
  },
  {
   "type": "Feature",
   "geometry": {
    "type": "Point",
    "coordinates": [
     140.074168,
     35.626726
    ]
   },
   "properties": {
    "SOURCE_FILE": "chiba.csv",
    "NAME": "高洲第三小学校",
    "ADDRESS": "千葉市美浜区高洲３－３－１１",
    "DEPTH_M": "",
    "POS_SOURCE": "原本の座標"
   }
  },
  {
   "type": "Feature",
   "geometry": {
    "type": "Point",
    "coordinates": [
     140.069148,
     35.632619
    ]
   },
   "properties": {
    "SOURCE_FILE": "chiba.csv",
    "NAME": "真砂第五小学校",
    "ADDRESS": "千葉市美浜区真砂１－１２－１５",
    "DEPTH_M": "",
    "POS_SOURCE": "原本の座標"
   }
  },
  {
   "type": "Feature",
   "geometry": {
    "type": "Point",
    "coordinates": [
     140.075894,
     35.61987
    ]
   },
   "properties": {
    "SOURCE_FILE": "chiba.csv",
    "NAME": "高浜第一小学校",
    "ADDRESS": "千葉市美浜区高浜１－４－１",
    "DEPTH_M": "",
    "POS_SOURCE": "原本の座標"
   }
  },
  {
   "type": "Feature",
   "geometry": {
    "type": "Point",
    "coordinates": [
     140.066996,
     35.620969
    ]
   },
   "properties": {
    "SOURCE_FILE": "chiba.csv",
    "NAME": "旧高浜第二小学校（跡施設）",
    "ADDRESS": "千葉市美浜区高浜３－３－１",
    "DEPTH_M": "",
    "POS_SOURCE": "原本の座標"
   }
  },
  {
   "type": "Feature",
   "geometry": {
    "type": "Point",
    "coordinates": [
     140.084343,
     35.629948
    ]
   },
   "properties": {
    "SOURCE_FILE": "chiba.csv",
    "NAME": "稲浜小学校",
    "ADDRESS": "千葉市美浜区稲毛海岸２－３－２",
    "DEPTH_M": "",
    "POS_SOURCE": "原本の座標"
   }
  },
  {
   "type": "Feature",
   "geometry": {
    "type": "Point",
    "coordinates": [
     140.047293,
     35.642022
    ]
   },
   "properties": {
    "SOURCE_FILE": "chiba.csv",
    "NAME": "打瀬小学校",
    "ADDRESS": "千葉市美浜区打瀬１－３－１",
    "DEPTH_M": "",
    "POS_SOURCE": "原本の座標"
   }
  },
  {
   "type": "Feature",
   "geometry": {
    "type": "Point",
    "coordinates": [
     140.058101,
     35.631764
    ]
   },
   "properties": {
    "SOURCE_FILE": "chiba.csv",
    "NAME": "磯辺小学校",
    "ADDRESS": "千葉市美浜区磯辺４－１６－１",
    "DEPTH_M": "",
    "POS_SOURCE": "原本の座標"
   }
  },
  {
   "type": "Feature",
   "geometry": {
    "type": "Point",
    "coordinates": [
     140.061599,
     35.644017
    ]
   },
   "properties": {
    "SOURCE_FILE": "chiba.csv",
    "NAME": "高等特別支援学校",
    "ADDRESS": "千葉市美浜区真砂５－１８－１",
    "DEPTH_M": "",
    "POS_SOURCE": "原本の座標"
   }
  },
  {
   "type": "Feature",
   "geometry": {
    "type": "Point",
    "coordinates": [
     140.066498,
     35.637724
    ]
   },
   "properties": {
    "SOURCE_FILE": "chiba.csv",
    "NAME": "真砂東小学校",
    "ADDRESS": "千葉市美浜区真砂2-13-1",
    "DEPTH_M": "",
    "POS_SOURCE": "原本の座標"
   }
  },
  {
   "type": "Feature",
   "geometry": {
    "type": "Point",
    "coordinates": [
     140.106375,
     35.607293
    ]
   },
   "properties": {
    "SOURCE_FILE": "chiba.csv",
    "NAME": "千葉市役所",
    "ADDRESS": "千葉市中央区千葉港１－１",
    "DEPTH_M": "",
    "POS_SOURCE": "原本の座標"
   }
  },
  {
   "type": "Feature",
   "geometry": {
    "type": "Point",
    "coordinates": [
     140.120747,
     35.603716
    ]
   },
   "properties": {
    "SOURCE_FILE": "chiba.csv",
    "NAME": "消防合同庁舎",
    "ADDRESS": "千葉市中央区長洲１－２－１",
    "DEPTH_M": "",
    "POS_SOURCE": "原本の座標"
   }
  },
  {
   "type": "Feature",
   "geometry": {
    "type": "Point",
    "coordinates": [
     140.144497,
     35.595366
    ]
   },
   "properties": {
    "SOURCE_FILE": "chiba.csv",
    "NAME": "青葉の森公園",
    "ADDRESS": "千葉市中央区青葉町６５４",
    "DEPTH_M": "",
    "POS_SOURCE": "原本の座標"
   }
  },
  {
   "type": "Feature",
   "geometry": {
    "type": "Point",
    "coordinates": [
     140.113877,
     35.621095
    ]
   },
   "properties": {
    "SOURCE_FILE": "chiba.csv",
    "NAME": "千葉公園",
    "ADDRESS": "千葉市中央区弁天３－１",
    "DEPTH_M": "",
    "POS_SOURCE": "原本の座標"
   }
  },
  {
   "type": "Feature",
   "geometry": {
    "type": "Point",
    "coordinates": [
     140.116985,
     35.620007
    ]
   },
   "properties": {
    "SOURCE_FILE": "chiba.csv",
    "NAME": "千葉公園",
    "ADDRESS": "千葉市中央区弁天４－１",
    "DEPTH_M": "",
    "POS_SOURCE": "原本の座標"
   }
  },
  {
   "type": "Feature",
   "geometry": {
    "type": "Point",
    "coordinates": [
     140.142867,
     35.570385
    ]
   },
   "properties": {
    "SOURCE_FILE": "chiba.csv",
    "NAME": "県立千葉工業高等学校",
    "ADDRESS": "千葉市中央区今井町１４７８",
    "DEPTH_M": "",
    "POS_SOURCE": "原本の座標"
   }
  },
  {
   "type": "Feature",
   "geometry": {
    "type": "Point",
    "coordinates": [
     140.068863,
     35.662831
    ]
   },
   "properties": {
    "SOURCE_FILE": "chiba.csv",
    "NAME": "花見川区役所",
    "ADDRESS": "千葉市花見川区瑞穂１－１",
    "DEPTH_M": "",
    "POS_SOURCE": "原本の座標"
   }
  },
  {
   "type": "Feature",
   "geometry": {
    "type": "Point",
    "coordinates": [
     140.042077,
     35.668831
    ]
   },
   "properties": {
    "SOURCE_FILE": "chiba.csv",
    "NAME": "一本松公園",
    "ADDRESS": "千葉市花見川区幕張本郷２－３３",
    "DEPTH_M": "",
    "POS_SOURCE": "原本の座標"
   }
  },
  {
   "type": "Feature",
   "geometry": {
    "type": "Point",
    "coordinates": [
     140.106574,
     35.635962
    ]
   },
   "properties": {
    "SOURCE_FILE": "chiba.csv",
    "NAME": "稲毛消防署",
    "ADDRESS": "千葉市稲毛区穴川４－１２－２",
    "DEPTH_M": "",
    "POS_SOURCE": "原本の座標"
   }
  },
  {
   "type": "Feature",
   "geometry": {
    "type": "Point",
    "coordinates": [
     140.113163,
     35.656597
    ]
   },
   "properties": {
    "SOURCE_FILE": "chiba.csv",
    "NAME": "長沼町公園",
    "ADDRESS": "千葉市稲毛区長沼町２５５－１",
    "DEPTH_M": "",
    "POS_SOURCE": "原本の座標"
   }
  },
  {
   "type": "Feature",
   "geometry": {
    "type": "Point",
    "coordinates": [
     140.155623,
     35.63394
    ]
   },
   "properties": {
    "SOURCE_FILE": "chiba.csv",
    "NAME": "若葉区役所",
    "ADDRESS": "千葉市若葉区桜木北２－１－１",
    "DEPTH_M": "",
    "POS_SOURCE": "原本の座標"
   }
  },
  {
   "type": "Feature",
   "geometry": {
    "type": "Point",
    "coordinates": [
     140.170582,
     35.629289
    ]
   },
   "properties": {
    "SOURCE_FILE": "chiba.csv",
    "NAME": "小倉台公園",
    "ADDRESS": "千葉市若葉区小倉台４－７",
    "DEPTH_M": "",
    "POS_SOURCE": "原本の座標"
   }
  },
  {
   "type": "Feature",
   "geometry": {
    "type": "Point",
    "coordinates": [
     140.175015,
     35.559974
    ]
   },
   "properties": {
    "SOURCE_FILE": "chiba.csv",
    "NAME": "緑消防署",
    "ADDRESS": "千葉市緑区おゆみ野３－１５－１",
    "DEPTH_M": "",
    "POS_SOURCE": "原本の座標"
   }
  },
  {
   "type": "Feature",
   "geometry": {
    "type": "Point",
    "coordinates": [
     140.063637,
     35.640607
    ]
   },
   "properties": {
    "SOURCE_FILE": "chiba.csv",
    "NAME": "美浜消防署",
    "ADDRESS": "千葉市美浜区真砂５－１５－６",
    "DEPTH_M": "",
    "POS_SOURCE": "原本の座標"
   }
  },
  {
   "type": "Feature",
   "geometry": {
    "type": "Point",
    "coordinates": [
     140.14786,
     35.608855
    ]
   },
   "properties": {
    "SOURCE_FILE": "chiba.csv",
    "NAME": "防災井戸協力の家(中央区都町4-1)",
    "ADDRESS": "千葉市中央区都町4-1",
    "DEPTH_M": "",
    "POS_SOURCE": "原本の座標"
   }
  },
  {
   "type": "Feature",
   "geometry": {
    "type": "Point",
    "coordinates": [
     140.14222,
     35.611067
    ]
   },
   "properties": {
    "SOURCE_FILE": "chiba.csv",
    "NAME": "防災井戸協力の家(中央区都町2-23-6)",
    "ADDRESS": "千葉市中央区都町2-23-6",
    "DEPTH_M": "",
    "POS_SOURCE": "原本の座標"
   }
  },
  {
   "type": "Feature",
   "geometry": {
    "type": "Point",
    "coordinates": [
     140.150712,
     35.596615
    ]
   },
   "properties": {
    "SOURCE_FILE": "chiba.csv",
    "NAME": "防災井戸協力の家(中央区星久喜町759-9)",
    "ADDRESS": "千葉市中央区星久喜町759-9",
    "DEPTH_M": "",
    "POS_SOURCE": "原本の座標"
   }
  },
  {
   "type": "Feature",
   "geometry": {
    "type": "Point",
    "coordinates": [
     140.115384,
     35.617946
    ]
   },
   "properties": {
    "SOURCE_FILE": "chiba.csv",
    "NAME": "防災井戸協力の家(中央区弁天3-5-4)",
    "ADDRESS": "千葉市中央区弁天3-5-4",
    "DEPTH_M": "",
    "POS_SOURCE": "原本の座標"
   }
  },
  {
   "type": "Feature",
   "geometry": {
    "type": "Point",
    "coordinates": [
     140.138398,
     35.575758
    ]
   },
   "properties": {
    "SOURCE_FILE": "chiba.csv",
    "NAME": "防災井戸協力の家(中央区白旗1-7-14)",
    "ADDRESS": "千葉市中央区白旗1-7-14",
    "DEPTH_M": "",
    "POS_SOURCE": "原本の座標"
   }
  },
  {
   "type": "Feature",
   "geometry": {
    "type": "Point",
    "coordinates": [
     140.127406,
     35.580037
    ]
   },
   "properties": {
    "SOURCE_FILE": "chiba.csv",
    "NAME": "防災井戸協力の家(中央区今井2-18-7)",
    "ADDRESS": "千葉市中央区今井2-18-7",
    "DEPTH_M": "",
    "POS_SOURCE": "原本の座標"
   }
  },
  {
   "type": "Feature",
   "geometry": {
    "type": "Point",
    "coordinates": [
     140.167855,
     35.582082
    ]
   },
   "properties": {
    "SOURCE_FILE": "chiba.csv",
    "NAME": "防災井戸協力の家(中央区川戸町346-74)",
    "ADDRESS": "千葉市中央区川戸町346-74",
    "DEPTH_M": "",
    "POS_SOURCE": "原本の座標"
   }
  },
  {
   "type": "Feature",
   "geometry": {
    "type": "Point",
    "coordinates": [
     140.124979,
     35.612
    ]
   },
   "properties": {
    "SOURCE_FILE": "chiba.csv",
    "NAME": "防災井戸協力の家(中央区院内2-14-6)",
    "ADDRESS": "千葉市中央区院内2-14-6",
    "DEPTH_M": "",
    "POS_SOURCE": "原本の座標"
   }
  },
  {
   "type": "Feature",
   "geometry": {
    "type": "Point",
    "coordinates": [
     140.147946,
     35.581032
    ]
   },
   "properties": {
    "SOURCE_FILE": "chiba.csv",
    "NAME": "防災井戸協力の家(中央区大森町282-154)",
    "ADDRESS": "千葉市中央区大森町282-154",
    "DEPTH_M": "",
    "POS_SOURCE": "原本の座標"
   }
  },
  {
   "type": "Feature",
   "geometry": {
    "type": "Point",
    "coordinates": [
     140.16353,
     35.582334
    ]
   },
   "properties": {
    "SOURCE_FILE": "chiba.csv",
    "NAME": "防災井戸協力の家(中央区川戸町422-1)",
    "ADDRESS": "千葉市中央区川戸町422-1",
    "DEPTH_M": "",
    "POS_SOURCE": "原本の座標"
   }
  },
  {
   "type": "Feature",
   "geometry": {
    "type": "Point",
    "coordinates": [
     140.129763,
     35.556384
    ]
   },
   "properties": {
    "SOURCE_FILE": "chiba.csv",
    "NAME": "防災井戸協力の家(中央区浜野町1104)",
    "ADDRESS": "千葉市中央区浜野町1104",
    "DEPTH_M": "",
    "POS_SOURCE": "原本の座標"
   }
  },
  {
   "type": "Feature",
   "geometry": {
    "type": "Point",
    "coordinates": [
     140.125308,
     35.599641
    ]
   },
   "properties": {
    "SOURCE_FILE": "chiba.csv",
    "NAME": "防災井戸協力の家(中央区長洲2-28-16)",
    "ADDRESS": "千葉市中央区長洲2-28-16",
    "DEPTH_M": "",
    "POS_SOURCE": "原本の座標"
   }
  },
  {
   "type": "Feature",
   "geometry": {
    "type": "Point",
    "coordinates": [
     140.13496,
     35.557364
    ]
   },
   "properties": {
    "SOURCE_FILE": "chiba.csv",
    "NAME": "防災井戸協力の家(中央区南生実町8)",
    "ADDRESS": "千葉市中央区南生実町8",
    "DEPTH_M": "",
    "POS_SOURCE": "原本の座標"
   }
  },
  {
   "type": "Feature",
   "geometry": {
    "type": "Point",
    "coordinates": [
     140.148287,
     35.594248
    ]
   },
   "properties": {
    "SOURCE_FILE": "chiba.csv",
    "NAME": "防災井戸協力の家(中央区星久喜町1158-5)",
    "ADDRESS": "千葉市中央区星久喜町1158-5",
    "DEPTH_M": "",
    "POS_SOURCE": "原本の座標"
   }
  },
  {
   "type": "Feature",
   "geometry": {
    "type": "Point",
    "coordinates": [
     140.138513,
     35.607833
    ]
   },
   "properties": {
    "SOURCE_FILE": "chiba.csv",
    "NAME": "防災井戸協力の家(中央区都町3-12-2)",
    "ADDRESS": "千葉市中央区都町3-12-2",
    "DEPTH_M": "",
    "POS_SOURCE": "原本の座標"
   }
  },
  {
   "type": "Feature",
   "geometry": {
    "type": "Point",
    "coordinates": [
     140.133099,
     35.610168
    ]
   },
   "properties": {
    "SOURCE_FILE": "chiba.csv",
    "NAME": "防災井戸協力の家(中央区鶴沢町21-1)",
    "ADDRESS": "千葉市中央区鶴沢町21-1",
    "DEPTH_M": "",
    "POS_SOURCE": "原本の座標"
   }
  },
  {
   "type": "Feature",
   "geometry": {
    "type": "Point",
    "coordinates": [
     140.130374,
     35.618505
    ]
   },
   "properties": {
    "SOURCE_FILE": "chiba.csv",
    "NAME": "防災井戸協力の家(中央区祐光4-16-2)",
    "ADDRESS": "千葉市中央区祐光4-16-2",
    "DEPTH_M": "",
    "POS_SOURCE": "原本の座標"
   }
  },
  {
   "type": "Feature",
   "geometry": {
    "type": "Point",
    "coordinates": [
     140.12661,
     35.589587
    ]
   },
   "properties": {
    "SOURCE_FILE": "chiba.csv",
    "NAME": "防災井戸協力の家(中央区稲荷町1-15-4)",
    "ADDRESS": "千葉市中央区稲荷町1-15-4",
    "DEPTH_M": "",
    "POS_SOURCE": "原本の座標"
   }
  },
  {
   "type": "Feature",
   "geometry": {
    "type": "Point",
    "coordinates": [
     140.166455,
     35.573972
    ]
   },
   "properties": {
    "SOURCE_FILE": "chiba.csv",
    "NAME": "防災井戸協力の家(中央区赤井町739-127)",
    "ADDRESS": "千葉市中央区赤井町739-127",
    "DEPTH_M": "",
    "POS_SOURCE": "原本の座標"
   }
  },
  {
   "type": "Feature",
   "geometry": {
    "type": "Point",
    "coordinates": [
     140.133786,
     35.572944
    ]
   },
   "properties": {
    "SOURCE_FILE": "chiba.csv",
    "NAME": "防災井戸協力の家(中央区蘇我2-7-11)",
    "ADDRESS": "千葉市中央区蘇我2-7-11",
    "DEPTH_M": "",
    "POS_SOURCE": "原本の座標"
   }
  },
  {
   "type": "Feature",
   "geometry": {
    "type": "Point",
    "coordinates": [
     140.123732,
     35.624198
    ]
   },
   "properties": {
    "SOURCE_FILE": "chiba.csv",
    "NAME": "防災井戸協力の家(中央区椿森6-9-5)",
    "ADDRESS": "千葉市中央区椿森6-9-5",
    "DEPTH_M": "",
    "POS_SOURCE": "原本の座標"
   }
  },
  {
   "type": "Feature",
   "geometry": {
    "type": "Point",
    "coordinates": [
     140.098424,
     35.620238
    ]
   },
   "properties": {
    "SOURCE_FILE": "chiba.csv",
    "NAME": "防災井戸協力の家(中央区登戸5-13-5)",
    "ADDRESS": "千葉市中央区登戸5-13-5",
    "DEPTH_M": "",
    "POS_SOURCE": "原本の座標"
   }
  },
  {
   "type": "Feature",
   "geometry": {
    "type": "Point",
    "coordinates": [
     140.161804,
     35.585852
    ]
   },
   "properties": {
    "SOURCE_FILE": "chiba.csv",
    "NAME": "防災井戸協力の家(中央区仁戸名町480-30)",
    "ADDRESS": "千葉市中央区仁戸名町480-30",
    "DEPTH_M": "",
    "POS_SOURCE": "原本の座標"
   }
  },
  {
   "type": "Feature",
   "geometry": {
    "type": "Point",
    "coordinates": [
     140.151191,
     35.581135
    ]
   },
   "properties": {
    "SOURCE_FILE": "chiba.csv",
    "NAME": "防災井戸協力の家(中央区大森町530-9)",
    "ADDRESS": "千葉市中央区大森町530-9",
    "DEPTH_M": "",
    "POS_SOURCE": "原本の座標"
   }
  },
  {
   "type": "Feature",
   "geometry": {
    "type": "Point",
    "coordinates": [
     140.149786,
     35.582998
    ]
   },
   "properties": {
    "SOURCE_FILE": "chiba.csv",
    "NAME": "防災井戸協力の家(中央区大森町449-64)",
    "ADDRESS": "千葉市中央区大森町449-64",
    "DEPTH_M": "",
    "POS_SOURCE": "原本の座標"
   }
  },
  {
   "type": "Feature",
   "geometry": {
    "type": "Point",
    "coordinates": [
     140.150303,
     35.581124
    ]
   },
   "properties": {
    "SOURCE_FILE": "chiba.csv",
    "NAME": "防災井戸協力の家(中央区大森町431-1)",
    "ADDRESS": "千葉市中央区大森町431-1",
    "DEPTH_M": "",
    "POS_SOURCE": "原本の座標"
   }
  },
  {
   "type": "Feature",
   "geometry": {
    "type": "Point",
    "coordinates": [
     140.151405,
     35.581421
    ]
   },
   "properties": {
    "SOURCE_FILE": "chiba.csv",
    "NAME": "防災井戸協力の家(中央区大森町514-173)",
    "ADDRESS": "千葉市中央区大森町514-173",
    "DEPTH_M": "",
    "POS_SOURCE": "原本の座標"
   }
  },
  {
   "type": "Feature",
   "geometry": {
    "type": "Point",
    "coordinates": [
     140.152271,
     35.58114
    ]
   },
   "properties": {
    "SOURCE_FILE": "chiba.csv",
    "NAME": "防災井戸協力の家(中央区大森町533-12)",
    "ADDRESS": "千葉市中央区大森町533-12",
    "DEPTH_M": "",
    "POS_SOURCE": "原本の座標"
   }
  },
  {
   "type": "Feature",
   "geometry": {
    "type": "Point",
    "coordinates": [
     140.147289,
     35.580082
    ]
   },
   "properties": {
    "SOURCE_FILE": "chiba.csv",
    "NAME": "防災井戸協力の家(中央区大森町318-5)",
    "ADDRESS": "千葉市中央区大森町318-5",
    "DEPTH_M": "",
    "POS_SOURCE": "原本の座標"
   }
  },
  {
   "type": "Feature",
   "geometry": {
    "type": "Point",
    "coordinates": [
     140.109912,
     35.608044
    ]
   },
   "properties": {
    "SOURCE_FILE": "chiba.csv",
    "NAME": "防災井戸協力の家(中央区新田町34-8)",
    "ADDRESS": "千葉市中央区新田町34-8",
    "DEPTH_M": "",
    "POS_SOURCE": "原本の座標"
   }
  },
  {
   "type": "Feature",
   "geometry": {
    "type": "Point",
    "coordinates": [
     140.144694,
     35.591217
    ]
   },
   "properties": {
    "SOURCE_FILE": "chiba.csv",
    "NAME": "防災井戸協力の家(中央区松ヶ丘町40-6)",
    "ADDRESS": "千葉市中央区松ヶ丘町40-6",
    "DEPTH_M": "",
    "POS_SOURCE": "原本の座標"
   }
  },
  {
   "type": "Feature",
   "geometry": {
    "type": "Point",
    "coordinates": [
     140.139896,
     35.563136
    ]
   },
   "properties": {
    "SOURCE_FILE": "chiba.csv",
    "NAME": "防災井戸協力の家(中央区生実町753-22)",
    "ADDRESS": "千葉市中央区生実町753-22",
    "DEPTH_M": "",
    "POS_SOURCE": "原本の座標"
   }
  },
  {
   "type": "Feature",
   "geometry": {
    "type": "Point",
    "coordinates": [
     140.145973,
     35.591675
    ]
   },
   "properties": {
    "SOURCE_FILE": "chiba.csv",
    "NAME": "防災井戸協力の家(中央区松ヶ丘町57-22)",
    "ADDRESS": "千葉市中央区松ヶ丘町57-22",
    "DEPTH_M": "",
    "POS_SOURCE": "原本の座標"
   }
  },
  {
   "type": "Feature",
   "geometry": {
    "type": "Point",
    "coordinates": [
     140.044414,
     35.663989
    ]
   },
   "properties": {
    "SOURCE_FILE": "chiba.csv",
    "NAME": "防災井戸協力の家(花見川区幕張町1-7805-5)",
    "ADDRESS": "千葉市花見川区幕張町1-7805-5",
    "DEPTH_M": "",
    "POS_SOURCE": "原本の座標"
   }
  },
  {
   "type": "Feature",
   "geometry": {
    "type": "Point",
    "coordinates": [
     140.097219,
     35.659168
    ]
   },
   "properties": {
    "SOURCE_FILE": "chiba.csv",
    "NAME": "防災井戸協力の家(花見川区宮野木台4-17-15)",
    "ADDRESS": "千葉市花見川区宮野木台4-17-15",
    "DEPTH_M": "",
    "POS_SOURCE": "原本の座標"
   }
  },
  {
   "type": "Feature",
   "geometry": {
    "type": "Point",
    "coordinates": [
     140.096202,
     35.680629
    ]
   },
   "properties": {
    "SOURCE_FILE": "chiba.csv",
    "NAME": "防災井戸協力の家(花見川区天戸町1329-9)",
    "ADDRESS": "千葉市花見川区天戸町1329-9",
    "DEPTH_M": "",
    "POS_SOURCE": "原本の座標"
   }
  },
  {
   "type": "Feature",
   "geometry": {
    "type": "Point",
    "coordinates": [
     140.050434,
     35.673023
    ]
   },
   "properties": {
    "SOURCE_FILE": "chiba.csv",
    "NAME": "防災井戸協力の家(花見川区幕張本郷7-34-4)",
    "ADDRESS": "千葉市花見川区幕張本郷7-34-4",
    "DEPTH_M": "",
    "POS_SOURCE": "原本の座標"
   }
  },
  {
   "type": "Feature",
   "geometry": {
    "type": "Point",
    "coordinates": [
     140.113663,
     35.677961
    ]
   },
   "properties": {
    "SOURCE_FILE": "chiba.csv",
    "NAME": "防災井戸協力の家(花見川区千種町237-16)",
    "ADDRESS": "千葉市花見川区千種町237-16",
    "DEPTH_M": "",
    "POS_SOURCE": "原本の座標"
   }
  },
  {
   "type": "Feature",
   "geometry": {
    "type": "Point",
    "coordinates": [
     140.079444,
     35.674845
    ]
   },
   "properties": {
    "SOURCE_FILE": "chiba.csv",
    "NAME": "防災井戸協力の家(花見川区長作町2351)",
    "ADDRESS": "千葉市花見川区長作町2351",
    "DEPTH_M": "",
    "POS_SOURCE": "原本の座標"
   }
  },
  {
   "type": "Feature",
   "geometry": {
    "type": "Point",
    "coordinates": [
     140.101413,
     35.678676
    ]
   },
   "properties": {
    "SOURCE_FILE": "chiba.csv",
    "NAME": "防災井戸協力の家(花見川区犢橋町1623-9)",
    "ADDRESS": "千葉市花見川区犢橋町1623-9",
    "DEPTH_M": "",
    "POS_SOURCE": "原本の座標"
   }
  },
  {
   "type": "Feature",
   "geometry": {
    "type": "Point",
    "coordinates": [
     140.120817,
     35.681561
    ]
   },
   "properties": {
    "SOURCE_FILE": "chiba.csv",
    "NAME": "防災井戸協力の家(花見川区千種町355-39)",
    "ADDRESS": "千葉市花見川区千種町355-39",
    "DEPTH_M": "",
    "POS_SOURCE": "原本の座標"
   }
  },
  {
   "type": "Feature",
   "geometry": {
    "type": "Point",
    "coordinates": [
     140.075574,
     35.667371
    ]
   },
   "properties": {
    "SOURCE_FILE": "chiba.csv",
    "NAME": "防災井戸協力の家(花見川区畑町1666)",
    "ADDRESS": "千葉市花見川区畑町1666",
    "DEPTH_M": "",
    "POS_SOURCE": "原本の座標"
   }
  },
  {
   "type": "Feature",
   "geometry": {
    "type": "Point",
    "coordinates": [
     140.12271,
     35.681741
    ]
   },
   "properties": {
    "SOURCE_FILE": "chiba.csv",
    "NAME": "防災井戸協力の家(花見川区千種町352-53)",
    "ADDRESS": "千葉市花見川区千種町352-53",
    "DEPTH_M": "",
    "POS_SOURCE": "原本の座標"
   }
  },
  {
   "type": "Feature",
   "geometry": {
    "type": "Point",
    "coordinates": [
     140.115547,
     35.676714
    ]
   },
   "properties": {
    "SOURCE_FILE": "chiba.csv",
    "NAME": "防災井戸協力の家(花見川区千種町230-10)",
    "ADDRESS": "千葉市花見川区千種町230-10",
    "DEPTH_M": "",
    "POS_SOURCE": "原本の座標"
   }
  },
  {
   "type": "Feature",
   "geometry": {
    "type": "Point",
    "coordinates": [
     140.106199,
     35.707796
    ]
   },
   "properties": {
    "SOURCE_FILE": "chiba.csv",
    "NAME": "防災井戸協力の家(花見川区柏井4-45-5)",
    "ADDRESS": "千葉市花見川区柏井4-45-5",
    "DEPTH_M": "",
    "POS_SOURCE": "原本の座標"
   }
  },
  {
   "type": "Feature",
   "geometry": {
    "type": "Point",
    "coordinates": [
     140.106222,
     35.70693
    ]
   },
   "properties": {
    "SOURCE_FILE": "chiba.csv",
    "NAME": "防災井戸協力の家(花見川区柏井4-38-7)",
    "ADDRESS": "千葉市花見川区柏井4-38-7",
    "DEPTH_M": "",
    "POS_SOURCE": "原本の座標"
   }
  },
  {
   "type": "Feature",
   "geometry": {
    "type": "Point",
    "coordinates": [
     140.105796,
     35.707841
    ]
   },
   "properties": {
    "SOURCE_FILE": "chiba.csv",
    "NAME": "防災井戸協力の家(花見川区柏井4-42-26)",
    "ADDRESS": "千葉市花見川区柏井4-42-26",
    "DEPTH_M": "",
    "POS_SOURCE": "原本の座標"
   }
  },
  {
   "type": "Feature",
   "geometry": {
    "type": "Point",
    "coordinates": [
     140.064452,
     35.654398
    ]
   },
   "properties": {
    "SOURCE_FILE": "chiba.csv",
    "NAME": "防災井戸協力の家(花見川区検見川町1-716-1)",
    "ADDRESS": "千葉市花見川区検見川町1-716-1",
    "DEPTH_M": "",
    "POS_SOURCE": "原本の座標"
   }
  },
  {
   "type": "Feature",
   "geometry": {
    "type": "Point",
    "coordinates": [
     140.066655,
     35.6593
    ]
   },
   "properties": {
    "SOURCE_FILE": "chiba.csv",
    "NAME": "防災井戸協力の家(花見川区浪花町907-37)",
    "ADDRESS": "千葉市花見川区浪花町907-37",
    "DEPTH_M": "",
    "POS_SOURCE": "原本の座標"
   }
  },
  {
   "type": "Feature",
   "geometry": {
    "type": "Point",
    "coordinates": [
     140.114664,
     35.711167
    ]
   },
   "properties": {
    "SOURCE_FILE": "chiba.csv",
    "NAME": "防災井戸協力の家(花見川区横戸町1569-46)",
    "ADDRESS": "千葉市花見川区横戸町1569-46",
    "DEPTH_M": "",
    "POS_SOURCE": "原本の座標"
   }
  },
  {
   "type": "Feature",
   "geometry": {
    "type": "Point",
    "coordinates": [
     140.097846,
     35.680506
    ]
   },
   "properties": {
    "SOURCE_FILE": "chiba.csv",
    "NAME": "防災井戸協力の家(花見川区花島町146)",
    "ADDRESS": "千葉市花見川区花島町146",
    "DEPTH_M": "",
    "POS_SOURCE": "原本の座標"
   }
  },
  {
   "type": "Feature",
   "geometry": {
    "type": "Point",
    "coordinates": [
     140.123339,
     35.684586
    ]
   },
   "properties": {
    "SOURCE_FILE": "chiba.csv",
    "NAME": "防災井戸協力の家(花見川区こてはし台1-22-17)",
    "ADDRESS": "千葉市花見川区こてはし台1-22-17",
    "DEPTH_M": "",
    "POS_SOURCE": "原本の座標"
   }
  },
  {
   "type": "Feature",
   "geometry": {
    "type": "Point",
    "coordinates": [
     140.062164,
     35.657038
    ]
   },
   "properties": {
    "SOURCE_FILE": "chiba.csv",
    "NAME": "防災井戸協力の家(花見川区幕張町6-274-1)",
    "ADDRESS": "千葉市花見川区幕張町6-274-1",
    "DEPTH_M": "",
    "POS_SOURCE": "原本の座標"
   }
  },
  {
   "type": "Feature",
   "geometry": {
    "type": "Point",
    "coordinates": [
     140.078977,
     35.652212
    ]
   },
   "properties": {
    "SOURCE_FILE": "chiba.csv",
    "NAME": "防災井戸協力の家(花見川区花園町1574-5)",
    "ADDRESS": "千葉市花見川区花園町1574-5",
    "DEPTH_M": "",
    "POS_SOURCE": "原本の座標"
   }
  },
  {
   "type": "Feature",
   "geometry": {
    "type": "Point",
    "coordinates": [
     140.038361,
     35.672475
    ]
   },
   "properties": {
    "SOURCE_FILE": "chiba.csv",
    "NAME": "防災井戸協力の家(花見川区幕張本郷1-18-17)",
    "ADDRESS": "千葉市花見川区幕張本郷1-18-17",
    "DEPTH_M": "",
    "POS_SOURCE": "原本の座標"
   }
  },
  {
   "type": "Feature",
   "geometry": {
    "type": "Point",
    "coordinates": [
     140.083375,
     35.667489
    ]
   },
   "properties": {
    "SOURCE_FILE": "chiba.csv",
    "NAME": "防災井戸協力の家(花見川区畑町1290)",
    "ADDRESS": "千葉市花見川区畑町1290",
    "DEPTH_M": "",
    "POS_SOURCE": "原本の座標"
   }
  },
  {
   "type": "Feature",
   "geometry": {
    "type": "Point",
    "coordinates": [
     140.063771,
     35.662043
    ]
   },
   "properties": {
    "SOURCE_FILE": "chiba.csv",
    "NAME": "防災井戸協力の家(花見川区武石町2-874)",
    "ADDRESS": "千葉市花見川区武石町2-874",
    "DEPTH_M": "",
    "POS_SOURCE": "原本の座標"
   }
  },
  {
   "type": "Feature",
   "geometry": {
    "type": "Point",
    "coordinates": [
     140.092259,
     35.660844
    ]
   },
   "properties": {
    "SOURCE_FILE": "chiba.csv",
    "NAME": "防災井戸協力の家(花見川区畑町597)",
    "ADDRESS": "千葉市花見川区畑町597",
    "DEPTH_M": "",
    "POS_SOURCE": "原本の座標"
   }
  },
  {
   "type": "Feature",
   "geometry": {
    "type": "Point",
    "coordinates": [
     140.066498,
     35.637724
    ]
   },
   "properties": {
    "SOURCE_FILE": "chiba.csv",
    "NAME": "防災井戸協力の家(花見川区幕張本郷3-2-14)",
    "ADDRESS": "千葉市花見川区幕張本郷3-2-14",
    "DEPTH_M": "",
    "POS_SOURCE": "原本の座標"
   }
  },
  {
   "type": "Feature",
   "geometry": {
    "type": "Point",
    "coordinates": [
     140.062669,
     35.660243
    ]
   },
   "properties": {
    "SOURCE_FILE": "chiba.csv",
    "NAME": "防災井戸協力の家(花見川区武石町2-937-5)",
    "ADDRESS": "千葉市花見川区武石町2-937-5",
    "DEPTH_M": "",
    "POS_SOURCE": "原本の座標"
   }
  },
  {
   "type": "Feature",
   "geometry": {
    "type": "Point",
    "coordinates": [
     140.064105,
     35.659942
    ]
   },
   "properties": {
    "SOURCE_FILE": "chiba.csv",
    "NAME": "防災井戸協力の家(花見川区武石町2-944-18)",
    "ADDRESS": "千葉市花見川区武石町2-944-18",
    "DEPTH_M": "",
    "POS_SOURCE": "原本の座標"
   }
  },
  {
   "type": "Feature",
   "geometry": {
    "type": "Point",
    "coordinates": [
     140.062791,
     35.660448
    ]
   },
   "properties": {
    "SOURCE_FILE": "chiba.csv",
    "NAME": "防災井戸協力の家(花見川区武石町2-937-3)",
    "ADDRESS": "千葉市花見川区武石町2-937-3",
    "DEPTH_M": "",
    "POS_SOURCE": "原本の座標"
   }
  },
  {
   "type": "Feature",
   "geometry": {
    "type": "Point",
    "coordinates": [
     140.06405,
     35.660309
    ]
   },
   "properties": {
    "SOURCE_FILE": "chiba.csv",
    "NAME": "防災井戸協力の家(花見川区武石町2-970)",
    "ADDRESS": "千葉市花見川区武石町2-970",
    "DEPTH_M": "",
    "POS_SOURCE": "原本の座標"
   }
  },
  {
   "type": "Feature",
   "geometry": {
    "type": "Point",
    "coordinates": [
     140.084901,
     35.638415
    ]
   },
   "properties": {
    "SOURCE_FILE": "chiba.csv",
    "NAME": "防災井戸協力の家(稲毛区稲毛3-10-4)",
    "ADDRESS": "千葉市稲毛区稲毛3-10-4",
    "DEPTH_M": "",
    "POS_SOURCE": "原本の座標"
   }
  },
  {
   "type": "Feature",
   "geometry": {
    "type": "Point",
    "coordinates": [
     140.124572,
     35.65503
    ]
   },
   "properties": {
    "SOURCE_FILE": "chiba.csv",
    "NAME": "防災井戸協力の家(稲毛区園生町1306-14)",
    "ADDRESS": "千葉市稲毛区園生町1306-14",
    "DEPTH_M": "",
    "POS_SOURCE": "原本の座標"
   }
  },
  {
   "type": "Feature",
   "geometry": {
    "type": "Point",
    "coordinates": [
     140.100759,
     35.649596
    ]
   },
   "properties": {
    "SOURCE_FILE": "chiba.csv",
    "NAME": "防災井戸協力の家(稲毛区園生町131-4)",
    "ADDRESS": "千葉市稲毛区園生町131-4",
    "DEPTH_M": "",
    "POS_SOURCE": "原本の座標"
   }
  },
  {
   "type": "Feature",
   "geometry": {
    "type": "Point",
    "coordinates": [
     140.112253,
     35.659065
    ]
   },
   "properties": {
    "SOURCE_FILE": "chiba.csv",
    "NAME": "防災井戸協力の家(稲毛区長沼町173-65)",
    "ADDRESS": "千葉市稲毛区長沼町173-65",
    "DEPTH_M": "",
    "POS_SOURCE": "原本の座標"
   }
  },
  {
   "type": "Feature",
   "geometry": {
    "type": "Point",
    "coordinates": [
     140.101355,
     35.65446
    ]
   },
   "properties": {
    "SOURCE_FILE": "chiba.csv",
    "NAME": "防災井戸協力の家(稲毛区宮野木町1158-4)",
    "ADDRESS": "千葉市稲毛区宮野木町1158-4",
    "DEPTH_M": "",
    "POS_SOURCE": "原本の座標"
   }
  },
  {
   "type": "Feature",
   "geometry": {
    "type": "Point",
    "coordinates": [
     140.11576,
     35.638792
    ]
   },
   "properties": {
    "SOURCE_FILE": "chiba.csv",
    "NAME": "防災井戸協力の家(稲毛区天台5-12-25)",
    "ADDRESS": "千葉市稲毛区天台5-12-25",
    "DEPTH_M": "",
    "POS_SOURCE": "原本の座標"
   }
  },
  {
   "type": "Feature",
   "geometry": {
    "type": "Point",
    "coordinates": [
     140.115024,
     35.638303
    ]
   },
   "properties": {
    "SOURCE_FILE": "chiba.csv",
    "NAME": "防災井戸協力の家(稲毛区天台5-13-52)",
    "ADDRESS": "千葉市稲毛区天台5-13-52",
    "DEPTH_M": "",
    "POS_SOURCE": "原本の座標"
   }
  },
  {
   "type": "Feature",
   "geometry": {
    "type": "Point",
    "coordinates": [
     140.108338,
     35.638278
    ]
   },
   "properties": {
    "SOURCE_FILE": "chiba.csv",
    "NAME": "防災井戸協力の家(稲毛区穴川町383-3)",
    "ADDRESS": "千葉市稲毛区穴川町383-3",
    "DEPTH_M": "",
    "POS_SOURCE": "原本の座標"
   }
  },
  {
   "type": "Feature",
   "geometry": {
    "type": "Point",
    "coordinates": [
     140.112661,
     35.63993
    ]
   },
   "properties": {
    "SOURCE_FILE": "chiba.csv",
    "NAME": "防災井戸協力の家(稲毛区天台5-24-8)",
    "ADDRESS": "千葉市稲毛区天台5-24-8",
    "DEPTH_M": "",
    "POS_SOURCE": "原本の座標"
   }
  },
  {
   "type": "Feature",
   "geometry": {
    "type": "Point",
    "coordinates": [
     140.093751,
     35.634545
    ]
   },
   "properties": {
    "SOURCE_FILE": "chiba.csv",
    "NAME": "防災井戸協力の家(稲毛区稲毛台町21-13)",
    "ADDRESS": "千葉市稲毛区稲毛台町21-13",
    "DEPTH_M": "",
    "POS_SOURCE": "原本の座標"
   }
  },
  {
   "type": "Feature",
   "geometry": {
    "type": "Point",
    "coordinates": [
     140.126542,
     35.655502
    ]
   },
   "properties": {
    "SOURCE_FILE": "chiba.csv",
    "NAME": "防災井戸協力の家(稲毛区長沼原町317-1)",
    "ADDRESS": "千葉市稲毛区長沼原町317-1",
    "DEPTH_M": "",
    "POS_SOURCE": "原本の座標"
   }
  },
  {
   "type": "Feature",
   "geometry": {
    "type": "Point",
    "coordinates": [
     140.110837,
     35.654559
    ]
   },
   "properties": {
    "SOURCE_FILE": "chiba.csv",
    "NAME": "防災井戸協力の家(稲毛区長沼町259-61)",
    "ADDRESS": "千葉市稲毛区長沼町259-61",
    "DEPTH_M": "",
    "POS_SOURCE": "原本の座標"
   }
  },
  {
   "type": "Feature",
   "geometry": {
    "type": "Point",
    "coordinates": [
     140.079944,
     35.637354
    ]
   },
   "properties": {
    "SOURCE_FILE": "chiba.csv",
    "NAME": "防災井戸協力の家(稲毛区稲毛2-5-9)",
    "ADDRESS": "千葉市稲毛区稲毛2-5-9",
    "DEPTH_M": "",
    "POS_SOURCE": "原本の座標"
   }
  },
  {
   "type": "Feature",
   "geometry": {
    "type": "Point",
    "coordinates": [
     140.110299,
     35.632909
    ]
   },
   "properties": {
    "SOURCE_FILE": "chiba.csv",
    "NAME": "防災井戸協力の家(稲毛区穴川2-8-15)",
    "ADDRESS": "千葉市稲毛区穴川2-8-15",
    "DEPTH_M": "",
    "POS_SOURCE": "原本の座標"
   }
  },
  {
   "type": "Feature",
   "geometry": {
    "type": "Point",
    "coordinates": [
     140.120986,
     35.655135
    ]
   },
   "properties": {
    "SOURCE_FILE": "chiba.csv",
    "NAME": "防災井戸協力の家(稲毛区園生町390-39)",
    "ADDRESS": "千葉市稲毛区園生町390-39",
    "DEPTH_M": "",
    "POS_SOURCE": "原本の座標"
   }
  },
  {
   "type": "Feature",
   "geometry": {
    "type": "Point",
    "coordinates": [
     140.082877,
     35.646871
    ]
   },
   "properties": {
    "SOURCE_FILE": "chiba.csv",
    "NAME": "防災井戸協力の家(稲毛区稲毛町5-419-2)",
    "ADDRESS": "千葉市稲毛区稲毛町5-419-2",
    "DEPTH_M": "",
    "POS_SOURCE": "原本の座標"
   }
  },
  {
   "type": "Feature",
   "geometry": {
    "type": "Point",
    "coordinates": [
     140.105367,
     35.653082
    ]
   },
   "properties": {
    "SOURCE_FILE": "chiba.csv",
    "NAME": "防災井戸協力の家(稲毛区宮野木町1649-9)",
    "ADDRESS": "千葉市稲毛区宮野木町1649-9",
    "DEPTH_M": "",
    "POS_SOURCE": "原本の座標"
   }
  },
  {
   "type": "Feature",
   "geometry": {
    "type": "Point",
    "coordinates": [
     140.08934,
     35.647456
    ]
   },
   "properties": {
    "SOURCE_FILE": "chiba.csv",
    "NAME": "防災井戸協力の家(稲毛区小仲台8-15-1)",
    "ADDRESS": "千葉市稲毛区小仲台8-15-1",
    "DEPTH_M": "",
    "POS_SOURCE": "原本の座標"
   }
  },
  {
   "type": "Feature",
   "geometry": {
    "type": "Point",
    "coordinates": [
     140.123867,
     35.648605
    ]
   },
   "properties": {
    "SOURCE_FILE": "chiba.csv",
    "NAME": "防災井戸協力の家(稲毛区萩台町693-3)",
    "ADDRESS": "千葉市稲毛区萩台町693-3",
    "DEPTH_M": "",
    "POS_SOURCE": "原本の座標"
   }
  },
  {
   "type": "Feature",
   "geometry": {
    "type": "Point",
    "coordinates": [
     140.078453,
     35.625468
    ]
   },
   "properties": {
    "SOURCE_FILE": "chiba.csv",
    "NAME": "防災井戸協力の家(稲毛区作草部町1259-11)",
    "ADDRESS": "千葉市稲毛区作草部町1259-11",
    "DEPTH_M": "",
    "POS_SOURCE": "原本の座標"
   }
  },
  {
   "type": "Feature",
   "geometry": {
    "type": "Point",
    "coordinates": [
     140.085848,
     35.63787
    ]
   },
   "properties": {
    "SOURCE_FILE": "chiba.csv",
    "NAME": "防災井戸協力の家(稲毛区稲毛東 2-16-1)",
    "ADDRESS": "千葉市稲毛区稲毛東 2-16-1",
    "DEPTH_M": "",
    "POS_SOURCE": "原本の座標"
   }
  },
  {
   "type": "Feature",
   "geometry": {
    "type": "Point",
    "coordinates": [
     140.118939,
     35.624386
    ]
   },
   "properties": {
    "SOURCE_FILE": "chiba.csv",
    "NAME": "防災井戸協力の家(稲毛区作草部町586-5)",
    "ADDRESS": "千葉市稲毛区作草部町586-5",
    "DEPTH_M": "",
    "POS_SOURCE": "原本の座標"
   }
  },
  {
   "type": "Feature",
   "geometry": {
    "type": "Point",
    "coordinates": [
     140.207798,
     35.596718
    ]
   },
   "properties": {
    "SOURCE_FILE": "chiba.csv",
    "NAME": "防災井戸協力の家(若葉区高根町671-1)",
    "ADDRESS": "千葉市若葉区高根町671-1",
    "DEPTH_M": "",
    "POS_SOURCE": "原本の座標"
   }
  },
  {
   "type": "Feature",
   "geometry": {
    "type": "Point",
    "coordinates": [
     140.180105,
     35.623907
    ]
   },
   "properties": {
    "SOURCE_FILE": "chiba.csv",
    "NAME": "防災井戸協力の家(若葉区千城台西1-20-11)",
    "ADDRESS": "千葉市若葉区千城台西1-20-11",
    "DEPTH_M": "",
    "POS_SOURCE": "原本の座標"
   }
  },
  {
   "type": "Feature",
   "geometry": {
    "type": "Point",
    "coordinates": [
     140.178057,
     35.651019
    ]
   },
   "properties": {
    "SOURCE_FILE": "chiba.csv",
    "NAME": "防災井戸協力の家(若葉区若松台3-36-1)",
    "ADDRESS": "千葉市若葉区若松台3-36-1",
    "DEPTH_M": "",
    "POS_SOURCE": "原本の座標"
   }
  },
  {
   "type": "Feature",
   "geometry": {
    "type": "Point",
    "coordinates": [
     140.176976,
     35.62525
    ]
   },
   "properties": {
    "SOURCE_FILE": "chiba.csv",
    "NAME": "防災井戸協力の家(若葉区小倉町875-18)",
    "ADDRESS": "千葉市若葉区小倉町875-18",
    "DEPTH_M": "",
    "POS_SOURCE": "原本の座標"
   }
  },
  {
   "type": "Feature",
   "geometry": {
    "type": "Point",
    "coordinates": [
     140.129645,
     35.632556
    ]
   },
   "properties": {
    "SOURCE_FILE": "chiba.csv",
    "NAME": "防災井戸協力の家(若葉区みつわ台1-12-8)",
    "ADDRESS": "千葉市若葉区みつわ台1-12-8",
    "DEPTH_M": "",
    "POS_SOURCE": "原本の座標"
   }
  },
  {
   "type": "Feature",
   "geometry": {
    "type": "Point",
    "coordinates": [
     140.188877,
     35.623735
    ]
   },
   "properties": {
    "SOURCE_FILE": "chiba.csv",
    "NAME": "防災井戸協力の家(若葉区千城台北3-20-4)",
    "ADDRESS": "千葉市若葉区千城台北3-20-4",
    "DEPTH_M": "",
    "POS_SOURCE": "原本の座標"
   }
  },
  {
   "type": "Feature",
   "geometry": {
    "type": "Point",
    "coordinates": [
     140.172658,
     35.602512
    ]
   },
   "properties": {
    "SOURCE_FILE": "chiba.csv",
    "NAME": "防災井戸協力の家(若葉区大宮町2988-12)",
    "ADDRESS": "千葉市若葉区大宮町2988-12",
    "DEPTH_M": "",
    "POS_SOURCE": "原本の座標"
   }
  },
  {
   "type": "Feature",
   "geometry": {
    "type": "Point",
    "coordinates": [
     140.167248,
     35.619253
    ]
   },
   "properties": {
    "SOURCE_FILE": "chiba.csv",
    "NAME": "防災井戸協力の家(若葉区加曽利町1779-2)",
    "ADDRESS": "千葉市若葉区加曽利町1779-2",
    "DEPTH_M": "",
    "POS_SOURCE": "原本の座標"
   }
  },
  {
   "type": "Feature",
   "geometry": {
    "type": "Point",
    "coordinates": [
     140.207877,
     35.602478
    ]
   },
   "properties": {
    "SOURCE_FILE": "chiba.csv",
    "NAME": "防災井戸協力の家(若葉区高根町854)",
    "ADDRESS": "千葉市若葉区高根町854",
    "DEPTH_M": "",
    "POS_SOURCE": "原本の座標"
   }
  },
  {
   "type": "Feature",
   "geometry": {
    "type": "Point",
    "coordinates": [
     140.180204,
     35.624437
    ]
   },
   "properties": {
    "SOURCE_FILE": "chiba.csv",
    "NAME": "防災井戸協力の家(若葉区千城台西1-12-7)",
    "ADDRESS": "千葉市若葉区千城台西1-12-7",
    "DEPTH_M": "",
    "POS_SOURCE": "原本の座標"
   }
  },
  {
   "type": "Feature",
   "geometry": {
    "type": "Point",
    "coordinates": [
     140.138891,
     35.648135
    ]
   },
   "properties": {
    "SOURCE_FILE": "chiba.csv",
    "NAME": "防災井戸協力の家(若葉区みつわ台5-35-5)",
    "ADDRESS": "千葉市若葉区みつわ台5-35-5",
    "DEPTH_M": "",
    "POS_SOURCE": "原本の座標"
   }
  },
  {
   "type": "Feature",
   "geometry": {
    "type": "Point",
    "coordinates": [
     140.180862,
     35.58712
    ]
   },
   "properties": {
    "SOURCE_FILE": "chiba.csv",
    "NAME": "防災井戸協力の家(若葉区大宮町2129-10)",
    "ADDRESS": "千葉市若葉区大宮町2129-10",
    "DEPTH_M": "",
    "POS_SOURCE": "原本の座標"
   }
  },
  {
   "type": "Feature",
   "geometry": {
    "type": "Point",
    "coordinates": [
     140.167288,
     35.645457
    ]
   },
   "properties": {
    "SOURCE_FILE": "chiba.csv",
    "NAME": "防災井戸協力の家(若葉区若松町984-457)",
    "ADDRESS": "千葉市若葉区若松町984-457",
    "DEPTH_M": "",
    "POS_SOURCE": "原本の座標"
   }
  },
  {
   "type": "Feature",
   "geometry": {
    "type": "Point",
    "coordinates": [
     140.15866,
     35.640415
    ]
   },
   "properties": {
    "SOURCE_FILE": "chiba.csv",
    "NAME": "防災井戸協力の家(若葉区若松町425-34)",
    "ADDRESS": "千葉市若葉区若松町425-34",
    "DEPTH_M": "",
    "POS_SOURCE": "原本の座標"
   }
  },
  {
   "type": "Feature",
   "geometry": {
    "type": "Point",
    "coordinates": [
     140.175853,
     35.598506
    ]
   },
   "properties": {
    "SOURCE_FILE": "chiba.csv",
    "NAME": "防災井戸協力の家(若葉区北大宮台46-12)",
    "ADDRESS": "千葉市若葉区北大宮台46-12",
    "DEPTH_M": "",
    "POS_SOURCE": "原本の座標"
   }
  },
  {
   "type": "Feature",
   "geometry": {
    "type": "Point",
    "coordinates": [
     140.193778,
     35.620082
    ]
   },
   "properties": {
    "SOURCE_FILE": "chiba.csv",
    "NAME": "防災井戸協力の家(若葉区千城台東2-18-6)",
    "ADDRESS": "千葉市若葉区千城台東2-18-6",
    "DEPTH_M": "",
    "POS_SOURCE": "原本の座標"
   }
  },
  {
   "type": "Feature",
   "geometry": {
    "type": "Point",
    "coordinates": [
     140.17676,
     35.626088
    ]
   },
   "properties": {
    "SOURCE_FILE": "chiba.csv",
    "NAME": "防災井戸協力の家(若葉区小倉台3-34-18)",
    "ADDRESS": "千葉市若葉区小倉台3-34-18",
    "DEPTH_M": "",
    "POS_SOURCE": "原本の座標"
   }
  },
  {
   "type": "Feature",
   "geometry": {
    "type": "Point",
    "coordinates": [
     140.191825,
     35.608797
    ]
   },
   "properties": {
    "SOURCE_FILE": "chiba.csv",
    "NAME": "防災井戸協力の家(若葉区大草町441-49)",
    "ADDRESS": "千葉市若葉区大草町441-49",
    "DEPTH_M": "",
    "POS_SOURCE": "原本の座標"
   }
  },
  {
   "type": "Feature",
   "geometry": {
    "type": "Point",
    "coordinates": [
     140.199242,
     35.61343
    ]
   },
   "properties": {
    "SOURCE_FILE": "chiba.csv",
    "NAME": "防災井戸協力の家(若葉区金親町206-1)",
    "ADDRESS": "千葉市若葉区金親町206-1",
    "DEPTH_M": "",
    "POS_SOURCE": "原本の座標"
   }
  },
  {
   "type": "Feature",
   "geometry": {
    "type": "Point",
    "coordinates": [
     140.131365,
     35.640721
    ]
   },
   "properties": {
    "SOURCE_FILE": "chiba.csv",
    "NAME": "防災井戸協力の家(若葉区みつわ台2-11-22)",
    "ADDRESS": "千葉市若葉区みつわ台2-11-22",
    "DEPTH_M": "",
    "POS_SOURCE": "原本の座標"
   }
  },
  {
   "type": "Feature",
   "geometry": {
    "type": "Point",
    "coordinates": [
     140.139625,
     35.645032
    ]
   },
   "properties": {
    "SOURCE_FILE": "chiba.csv",
    "NAME": "防災井戸協力の家(若葉区みつわ台5-41-10)",
    "ADDRESS": "千葉市若葉区みつわ台5-41-10",
    "DEPTH_M": "",
    "POS_SOURCE": "原本の座標"
   }
  },
  {
   "type": "Feature",
   "geometry": {
    "type": "Point",
    "coordinates": [
     140.275477,
     35.574118
    ]
   },
   "properties": {
    "SOURCE_FILE": "chiba.csv",
    "NAME": "防災井戸協力の家(若葉区中野町1007-15)",
    "ADDRESS": "千葉市若葉区中野町1007-15",
    "DEPTH_M": "",
    "POS_SOURCE": "原本の座標"
   }
  },
  {
   "type": "Feature",
   "geometry": {
    "type": "Point",
    "coordinates": [
     140.15453,
     35.618569
    ]
   },
   "properties": {
    "SOURCE_FILE": "chiba.csv",
    "NAME": "防災井戸協力の家(若葉区桜木1-29-5)",
    "ADDRESS": "千葉市若葉区桜木1-29-5",
    "DEPTH_M": "",
    "POS_SOURCE": "原本の座標"
   }
  },
  {
   "type": "Feature",
   "geometry": {
    "type": "Point",
    "coordinates": [
     140.161316,
     35.636396
    ]
   },
   "properties": {
    "SOURCE_FILE": "chiba.csv",
    "NAME": "防災井戸協力の家(若葉区桜木北3-12-56)",
    "ADDRESS": "千葉市若葉区桜木北3-12-56",
    "DEPTH_M": "",
    "POS_SOURCE": "原本の座標"
   }
  },
  {
   "type": "Feature",
   "geometry": {
    "type": "Point",
    "coordinates": [
     140.163176,
     35.625111
    ]
   },
   "properties": {
    "SOURCE_FILE": "chiba.csv",
    "NAME": "防災井戸協力の家(若葉区桜木8-24-10)",
    "ADDRESS": "千葉市若葉区桜木8-24-10",
    "DEPTH_M": "",
    "POS_SOURCE": "原本の座標"
   }
  },
  {
   "type": "Feature",
   "geometry": {
    "type": "Point",
    "coordinates": [
     140.158164,
     35.633682
    ]
   },
   "properties": {
    "SOURCE_FILE": "chiba.csv",
    "NAME": "防災井戸協力の家(若葉区桜木北2-15-9)",
    "ADDRESS": "千葉市若葉区桜木北2-15-9",
    "DEPTH_M": "",
    "POS_SOURCE": "原本の座標"
   }
  },
  {
   "type": "Feature",
   "geometry": {
    "type": "Point",
    "coordinates": [
     140.194311,
     35.616109
    ]
   },
   "properties": {
    "SOURCE_FILE": "chiba.csv",
    "NAME": "防災井戸協力の家(若葉区千城台東3-7-9)",
    "ADDRESS": "千葉市若葉区千城台東3-7-9",
    "DEPTH_M": "",
    "POS_SOURCE": "原本の座標"
   }
  },
  {
   "type": "Feature",
   "geometry": {
    "type": "Point",
    "coordinates": [
     140.17451,
     35.629646
    ]
   },
   "properties": {
    "SOURCE_FILE": "chiba.csv",
    "NAME": "防災井戸協力の家(若葉区小倉台5-16-7)",
    "ADDRESS": "千葉市若葉区小倉台5-16-7",
    "DEPTH_M": "",
    "POS_SOURCE": "原本の座標"
   }
  },
  {
   "type": "Feature",
   "geometry": {
    "type": "Point",
    "coordinates": [
     140.168503,
     35.630721
    ]
   },
   "properties": {
    "SOURCE_FILE": "chiba.csv",
    "NAME": "防災井戸協力の家(若葉区小倉町1754-9)",
    "ADDRESS": "千葉市若葉区小倉町1754-9",
    "DEPTH_M": "",
    "POS_SOURCE": "原本の座標"
   }
  },
  {
   "type": "Feature",
   "geometry": {
    "type": "Point",
    "coordinates": [
     140.160465,
     35.624535
    ]
   },
   "properties": {
    "SOURCE_FILE": "chiba.csv",
    "NAME": "防災井戸協力の家(若葉区桜木3-8-15)",
    "ADDRESS": "千葉市若葉区桜木3-8-15",
    "DEPTH_M": "",
    "POS_SOURCE": "原本の座標"
   }
  },
  {
   "type": "Feature",
   "geometry": {
    "type": "Point",
    "coordinates": [
     140.188734,
     35.623822
    ]
   },
   "properties": {
    "SOURCE_FILE": "chiba.csv",
    "NAME": "防災井戸協力の家(若葉区千城台北3-20-3)",
    "ADDRESS": "千葉市若葉区千城台北3-20-3",
    "DEPTH_M": "",
    "POS_SOURCE": "原本の座標"
   }
  },
  {
   "type": "Feature",
   "geometry": {
    "type": "Point",
    "coordinates": [
     140.180277,
     35.626361
    ]
   },
   "properties": {
    "SOURCE_FILE": "chiba.csv",
    "NAME": "防災井戸協力の家(若葉区小倉台7-29-8)",
    "ADDRESS": "千葉市若葉区小倉台7-29-8",
    "DEPTH_M": "",
    "POS_SOURCE": "原本の座標"
   }
  },
  {
   "type": "Feature",
   "geometry": {
    "type": "Point",
    "coordinates": [
     140.174246,
     35.628719
    ]
   },
   "properties": {
    "SOURCE_FILE": "chiba.csv",
    "NAME": "防災井戸協力の家(若葉区小倉町5-21-9)",
    "ADDRESS": "千葉市若葉区小倉町5-21-9",
    "DEPTH_M": "",
    "POS_SOURCE": "原本の座標"
   }
  },
  {
   "type": "Feature",
   "geometry": {
    "type": "Point",
    "coordinates": [
     140.148972,
     35.640277
    ]
   },
   "properties": {
    "SOURCE_FILE": "chiba.csv",
    "NAME": "防災井戸協力の家(若葉区西都賀5-2-16-1)",
    "ADDRESS": "千葉市若葉区西都賀5-2-16-1",
    "DEPTH_M": "",
    "POS_SOURCE": "原本の座標"
   }
  },
  {
   "type": "Feature",
   "geometry": {
    "type": "Point",
    "coordinates": [
     140.148138,
     35.629697
    ]
   },
   "properties": {
    "SOURCE_FILE": "chiba.csv",
    "NAME": "防災井戸協力の家(若葉区貝塚町1108-15)",
    "ADDRESS": "千葉市若葉区貝塚町1108-15",
    "DEPTH_M": "",
    "POS_SOURCE": "原本の座標"
   }
  },
  {
   "type": "Feature",
   "geometry": {
    "type": "Point",
    "coordinates": [
     140.177461,
     35.651379
    ]
   },
   "properties": {
    "SOURCE_FILE": "chiba.csv",
    "NAME": "防災井戸協力の家(若葉区若松台3-34-14)",
    "ADDRESS": "千葉市若葉区若松台3-34-14",
    "DEPTH_M": "",
    "POS_SOURCE": "原本の座標"
   }
  },
  {
   "type": "Feature",
   "geometry": {
    "type": "Point",
    "coordinates": [
     140.171587,
     35.6268
    ]
   },
   "properties": {
    "SOURCE_FILE": "chiba.csv",
    "NAME": "防災井戸協力の家(若葉区小倉台2-2-7)",
    "ADDRESS": "千葉市若葉区小倉台2-2-7",
    "DEPTH_M": "",
    "POS_SOURCE": "原本の座標"
   }
  },
  {
   "type": "Feature",
   "geometry": {
    "type": "Point",
    "coordinates": [
     140.179041,
     35.623041
    ]
   },
   "properties": {
    "SOURCE_FILE": "chiba.csv",
    "NAME": "防災井戸協力の家(若葉区千城台西3-2-5)",
    "ADDRESS": "千葉市若葉区千城台西3-2-5",
    "DEPTH_M": "",
    "POS_SOURCE": "原本の座標"
   }
  },
  {
   "type": "Feature",
   "geometry": {
    "type": "Point",
    "coordinates": [
     140.171983,
     35.650837
    ]
   },
   "properties": {
    "SOURCE_FILE": "chiba.csv",
    "NAME": "防災井戸協力の家(若葉区若松台2-25-1)",
    "ADDRESS": "千葉市若葉区若松台2-25-1",
    "DEPTH_M": "",
    "POS_SOURCE": "原本の座標"
   }
  },
  {
   "type": "Feature",
   "geometry": {
    "type": "Point",
    "coordinates": [
     140.177242,
     35.604629
    ]
   },
   "properties": {
    "SOURCE_FILE": "chiba.csv",
    "NAME": "防災井戸協力の家(若葉区大宮町2841-1)",
    "ADDRESS": "千葉市若葉区大宮町2841-1",
    "DEPTH_M": "",
    "POS_SOURCE": "原本の座標"
   }
  },
  {
   "type": "Feature",
   "geometry": {
    "type": "Point",
    "coordinates": [
     140.169698,
     35.554341
    ]
   },
   "properties": {
    "SOURCE_FILE": "chiba.csv",
    "NAME": "防災井戸協力の家(緑区おゆみ野中央3-16-11)",
    "ADDRESS": "千葉市緑区おゆみ野中央3-16-11",
    "DEPTH_M": "",
    "POS_SOURCE": "原本の座標"
   }
  },
  {
   "type": "Feature",
   "geometry": {
    "type": "Point",
    "coordinates": [
     140.173597,
     35.548839
    ]
   },
   "properties": {
    "SOURCE_FILE": "chiba.csv",
    "NAME": "防災井戸協力の家(緑区おゆみ野南5-10-16)",
    "ADDRESS": "千葉市緑区おゆみ野南5-10-16",
    "DEPTH_M": "",
    "POS_SOURCE": "原本の座標"
   }
  },
  {
   "type": "Feature",
   "geometry": {
    "type": "Point",
    "coordinates": [
     140.209117,
     35.565391
    ]
   },
   "properties": {
    "SOURCE_FILE": "chiba.csv",
    "NAME": "防災井戸協力の家(緑区高田町182-2)",
    "ADDRESS": "千葉市緑区高田町182-2",
    "DEPTH_M": "",
    "POS_SOURCE": "原本の座標"
   }
  },
  {
   "type": "Feature",
   "geometry": {
    "type": "Point",
    "coordinates": [
     140.176804,
     35.56662
    ]
   },
   "properties": {
    "SOURCE_FILE": "chiba.csv",
    "NAME": "防災井戸協力の家(緑区鎌取町98-6)",
    "ADDRESS": "千葉市緑区鎌取町98-6",
    "DEPTH_M": "",
    "POS_SOURCE": "原本の座標"
   }
  },
  {
   "type": "Feature",
   "geometry": {
    "type": "Point",
    "coordinates": [
     140.168303,
     35.553922
    ]
   },
   "properties": {
    "SOURCE_FILE": "chiba.csv",
    "NAME": "防災井戸協力の家(緑区おゆみ野中央3-9-16)",
    "ADDRESS": "千葉市緑区おゆみ野中央3-9-16",
    "DEPTH_M": "",
    "POS_SOURCE": "原本の座標"
   }
  },
  {
   "type": "Feature",
   "geometry": {
    "type": "Point",
    "coordinates": [
     140.264705,
     35.530182
    ]
   },
   "properties": {
    "SOURCE_FILE": "chiba.csv",
    "NAME": "防災井戸協力の家(緑区あすみが丘3-51-14)",
    "ADDRESS": "千葉市緑区あすみが丘3-51-14",
    "DEPTH_M": "",
    "POS_SOURCE": "原本の座標"
   }
  },
  {
   "type": "Feature",
   "geometry": {
    "type": "Point",
    "coordinates": [
     140.272916,
     35.53758
    ]
   },
   "properties": {
    "SOURCE_FILE": "chiba.csv",
    "NAME": "防災井戸協力の家(緑区土気町1519)",
    "ADDRESS": "千葉市緑区土気町1519",
    "DEPTH_M": "",
    "POS_SOURCE": "原本の座標"
   }
  },
  {
   "type": "Feature",
   "geometry": {
    "type": "Point",
    "coordinates": [
     140.203475,
     35.552931
    ]
   },
   "properties": {
    "SOURCE_FILE": "chiba.csv",
    "NAME": "防災井戸協力の家(緑区誉田町1-137-17)",
    "ADDRESS": "千葉市緑区誉田町1-137-17",
    "DEPTH_M": "",
    "POS_SOURCE": "原本の座標"
   }
  },
  {
   "type": "Feature",
   "geometry": {
    "type": "Point",
    "coordinates": [
     140.275899,
     35.527958
    ]
   },
   "properties": {
    "SOURCE_FILE": "chiba.csv",
    "NAME": "防災井戸協力の家(緑区土気町1692-43)",
    "ADDRESS": "千葉市緑区土気町1692-43",
    "DEPTH_M": "",
    "POS_SOURCE": "原本の座標"
   }
  },
  {
   "type": "Feature",
   "geometry": {
    "type": "Point",
    "coordinates": [
     140.264843,
     35.50836
    ]
   },
   "properties": {
    "SOURCE_FILE": "chiba.csv",
    "NAME": "防災井戸協力の家(緑区小山町173)",
    "ADDRESS": "千葉市緑区小山町173",
    "DEPTH_M": "",
    "POS_SOURCE": "原本の座標"
   }
  },
  {
   "type": "Feature",
   "geometry": {
    "type": "Point",
    "coordinates": [
     140.266415,
     35.508677
    ]
   },
   "properties": {
    "SOURCE_FILE": "chiba.csv",
    "NAME": "防災井戸協力の家(緑区小山町148)",
    "ADDRESS": "千葉市緑区小山町148",
    "DEPTH_M": "",
    "POS_SOURCE": "原本の座標"
   }
  },
  {
   "type": "Feature",
   "geometry": {
    "type": "Point",
    "coordinates": [
     140.273653,
     35.542634
    ]
   },
   "properties": {
    "SOURCE_FILE": "chiba.csv",
    "NAME": "防災井戸協力の家(緑区土気町1296-5)",
    "ADDRESS": "千葉市緑区土気町1296-5",
    "DEPTH_M": "",
    "POS_SOURCE": "原本の座標"
   }
  },
  {
   "type": "Feature",
   "geometry": {
    "type": "Point",
    "coordinates": [
     140.266567,
     35.508841
    ]
   },
   "properties": {
    "SOURCE_FILE": "chiba.csv",
    "NAME": "防災井戸協力の家(緑区小山町147)",
    "ADDRESS": "千葉市緑区小山町147",
    "DEPTH_M": "",
    "POS_SOURCE": "原本の座標"
   }
  },
  {
   "type": "Feature",
   "geometry": {
    "type": "Point",
    "coordinates": [
     140.264098,
     35.508419
    ]
   },
   "properties": {
    "SOURCE_FILE": "chiba.csv",
    "NAME": "防災井戸協力の家(緑区小山町179)",
    "ADDRESS": "千葉市緑区小山町179",
    "DEPTH_M": "",
    "POS_SOURCE": "原本の座標"
   }
  },
  {
   "type": "Feature",
   "geometry": {
    "type": "Point",
    "coordinates": [
     140.202813,
     35.553945
    ]
   },
   "properties": {
    "SOURCE_FILE": "chiba.csv",
    "NAME": "防災井戸協力の家(緑区誉田町1-136-76)",
    "ADDRESS": "千葉市緑区誉田町1-136-76",
    "DEPTH_M": "",
    "POS_SOURCE": "原本の座標"
   }
  },
  {
   "type": "Feature",
   "geometry": {
    "type": "Point",
    "coordinates": [
     140.200472,
     35.545616
    ]
   },
   "properties": {
    "SOURCE_FILE": "chiba.csv",
    "NAME": "防災井戸協力の家(緑区誉田町2-2-320)",
    "ADDRESS": "千葉市緑区誉田町2-2-320",
    "DEPTH_M": "",
    "POS_SOURCE": "原本の座標"
   }
  },
  {
   "type": "Feature",
   "geometry": {
    "type": "Point",
    "coordinates": [
     140.185613,
     35.584716
    ]
   },
   "properties": {
    "SOURCE_FILE": "chiba.csv",
    "NAME": "防災井戸協力の家(緑区平山町469-111)",
    "ADDRESS": "千葉市緑区平山町469-111",
    "DEPTH_M": "",
    "POS_SOURCE": "原本の座標"
   }
  },
  {
   "type": "Feature",
   "geometry": {
    "type": "Point",
    "coordinates": [
     140.170121,
     35.55296
    ]
   },
   "properties": {
    "SOURCE_FILE": "chiba.csv",
    "NAME": "防災井戸協力の家(緑区おゆみ野中央3-20-10)",
    "ADDRESS": "千葉市緑区おゆみ野中央3-20-10",
    "DEPTH_M": "",
    "POS_SOURCE": "原本の座標"
   }
  },
  {
   "type": "Feature",
   "geometry": {
    "type": "Point",
    "coordinates": [
     140.169046,
     35.576486
    ]
   },
   "properties": {
    "SOURCE_FILE": "chiba.csv",
    "NAME": "防災井戸協力の家(緑区平山町1922-33)",
    "ADDRESS": "千葉市緑区平山町1922-33",
    "DEPTH_M": "",
    "POS_SOURCE": "原本の座標"
   }
  },
  {
   "type": "Feature",
   "geometry": {
    "type": "Point",
    "coordinates": [
     140.147092,
     35.550182
    ]
   },
   "properties": {
    "SOURCE_FILE": "chiba.csv",
    "NAME": "防災井戸協力の家(緑区古市場町474-331)",
    "ADDRESS": "千葉市緑区古市場町474-331",
    "DEPTH_M": "",
    "POS_SOURCE": "原本の座標"
   }
  },
  {
   "type": "Feature",
   "geometry": {
    "type": "Point",
    "coordinates": [
     140.147733,
     35.550092
    ]
   },
   "properties": {
    "SOURCE_FILE": "chiba.csv",
    "NAME": "防災井戸協力の家(緑区古市場町474-309)",
    "ADDRESS": "千葉市緑区古市場町474-309",
    "DEPTH_M": "",
    "POS_SOURCE": "原本の座標"
   }
  },
  {
   "type": "Feature",
   "geometry": {
    "type": "Point",
    "coordinates": [
     140.222347,
     35.550354
    ]
   },
   "properties": {
    "SOURCE_FILE": "chiba.csv",
    "NAME": "防災井戸協力の家(千葉市緑区高田町1082)",
    "ADDRESS": "千葉市緑区高田町1082",
    "DEPTH_M": "",
    "POS_SOURCE": "原本の座標"
   }
  },
  {
   "type": "Feature",
   "geometry": {
    "type": "Point",
    "coordinates": [
     140.071826,
     35.634132
    ]
   },
   "properties": {
    "SOURCE_FILE": "chiba.csv",
    "NAME": "防災井戸協力の家(美浜区真砂1-3-13)",
    "ADDRESS": "千葉市美浜区真砂1-3-13",
    "DEPTH_M": "",
    "POS_SOURCE": "原本の座標"
   }
  },
  {
   "type": "Feature",
   "geometry": {
    "type": "Point",
    "coordinates": [
     140.044135,
     35.657217
    ]
   },
   "properties": {
    "SOURCE_FILE": "chiba.csv",
    "NAME": "防災井戸協力の家(美浜区若葉1-4-1)",
    "ADDRESS": "千葉市美浜区若葉1-4-1",
    "DEPTH_M": "",
    "POS_SOURCE": "原本の座標"
   }
  },
  {
   "type": "Feature",
   "geometry": {
    "type": "Point",
    "coordinates": [
     140.069935,
     35.634977
    ]
   },
   "properties": {
    "SOURCE_FILE": "chiba.csv",
    "NAME": "防災井戸協力の家(美浜区真砂1-9-13)",
    "ADDRESS": "千葉市美浜区真砂1-9-13",
    "DEPTH_M": "",
    "POS_SOURCE": "原本の座標"
   }
  },
  {
   "type": "Feature",
   "geometry": {
    "type": "Point",
    "coordinates": [
     139.930813,
     35.72195
    ]
   },
   "properties": {
    "SOURCE_FILE": "ichikawa.csv",
    "NAME": "市川市役所",
    "ADDRESS": "八幡1-1-1",
    "DEPTH_M": "",
    "POS_SOURCE": "原本の座標"
   }
  },
  {
   "type": "Feature",
   "geometry": {
    "type": "Point",
    "coordinates": [
     139.916383,
     35.685663
    ]
   },
   "properties": {
    "SOURCE_FILE": "ichikawa.csv",
    "NAME": "行徳支所",
    "ADDRESS": "末広1-1-31",
    "DEPTH_M": "",
    "POS_SOURCE": "原本の座標"
   }
  },
  {
   "type": "Feature",
   "geometry": {
    "type": "Point",
    "coordinates": [
     139.912757,
     35.738864
    ]
   },
   "properties": {
    "SOURCE_FILE": "ichikawa.csv",
    "NAME": "須和田公園",
    "ADDRESS": "真間5-1-13",
    "DEPTH_M": "",
    "POS_SOURCE": "原本の座標"
   }
  },
  {
   "type": "Feature",
   "geometry": {
    "type": "Point",
    "coordinates": [
     139.904379,
     35.754003
    ]
   },
   "properties": {
    "SOURCE_FILE": "ichikawa.csv",
    "NAME": "じゅん菜池緑地",
    "ADDRESS": "中国分4-2７",
    "DEPTH_M": "",
    "POS_SOURCE": "原本の座標"
   }
  },
  {
   "type": "Feature",
   "geometry": {
    "type": "Point",
    "coordinates": [
     139.965336,
     35.737349
    ]
   },
   "properties": {
    "SOURCE_FILE": "ichikawa.csv",
    "NAME": "姥山貝塚公園",
    "ADDRESS": "柏井町1-1235",
    "DEPTH_M": "",
    "POS_SOURCE": "原本の座標"
   }
  },
  {
   "type": "Feature",
   "geometry": {
    "type": "Point",
    "coordinates": [
     139.96262,
     35.739948
    ]
   },
   "properties": {
    "SOURCE_FILE": "ichikawa.csv",
    "NAME": "柏井市営住宅",
    "ADDRESS": "柏井町2-1358",
    "DEPTH_M": "",
    "POS_SOURCE": "原本の座標"
   }
  },
  {
   "type": "Feature",
   "geometry": {
    "type": "Point",
    "coordinates": [
     139.910152,
     35.673913
    ]
   },
   "properties": {
    "SOURCE_FILE": "ichikawa.csv",
    "NAME": "福栄中学校",
    "ADDRESS": "福栄3-4-1",
    "DEPTH_M": "",
    "POS_SOURCE": "原本の座標"
   }
  },
  {
   "type": "Feature",
   "geometry": {
    "type": "Point",
    "coordinates": [
     139.945713,
     35.722
    ]
   },
   "properties": {
    "SOURCE_FILE": "ichikawa.csv",
    "NAME": "第四中学校",
    "ADDRESS": "中山1-11-1",
    "DEPTH_M": "",
    "POS_SOURCE": "原本の座標"
   }
  },
  {
   "type": "Feature",
   "geometry": {
    "type": "Point",
    "coordinates": [
     139.932582,
     35.740337
    ]
   },
   "properties": {
    "SOURCE_FILE": "ichikawa.csv",
    "NAME": "第三中学校",
    "ADDRESS": "曽谷3-2-1",
    "DEPTH_M": "",
    "POS_SOURCE": "原本の座標"
   }
  },
  {
   "type": "Feature",
   "geometry": {
    "type": "Point",
    "coordinates": [
     139.945384,
     35.732412
    ]
   },
   "properties": {
    "SOURCE_FILE": "ichikawa.csv",
    "NAME": "北方小学校",
    "ADDRESS": "北方町4-1356-1",
    "DEPTH_M": "",
    "POS_SOURCE": "原本の座標"
   }
  },
  {
   "type": "Feature",
   "geometry": {
    "type": "Point",
    "coordinates": [
     139.922414,
     35.733584
    ]
   },
   "properties": {
    "SOURCE_FILE": "ichikawa.csv",
    "NAME": "東京歯科大学市川総合病院",
    "ADDRESS": "菅野5-11-13",
    "DEPTH_M": "",
    "POS_SOURCE": "原本の座標"
   }
  },
  {
   "type": "Feature",
   "geometry": {
    "type": "Point",
    "coordinates": [
     139.920459,
     35.725113
    ]
   },
   "properties": {
    "SOURCE_FILE": "ichikawa.csv",
    "NAME": "市川クリニック",
    "ADDRESS": "平田1-1７-19",
    "DEPTH_M": "",
    "POS_SOURCE": "原本の座標"
   }
  },
  {
   "type": "Feature",
   "geometry": {
    "type": "Point",
    "coordinates": [
     139.909841,
     35.718513
    ]
   },
   "properties": {
    "SOURCE_FILE": "ichikawa.csv",
    "NAME": "大洲防災公園",
    "ADDRESS": "大洲1-18",
    "DEPTH_M": "",
    "POS_SOURCE": "原本の座標"
   }
  },
  {
   "type": "Feature",
   "geometry": {
    "type": "Point",
    "coordinates": [
     139.928574,
     35.884744
    ]
   },
   "properties": {
    "SOURCE_FILE": "nagareyama.csv",
    "NAME": "八木北小学校",
    "ADDRESS": "流山市美田２０８番地",
    "DEPTH_M": "",
    "POS_SOURCE": "原本の座標"
   }
  },
  {
   "type": "Feature",
   "geometry": {
    "type": "Point",
    "coordinates": [
     139.904696,
     35.859312
    ]
   },
   "properties": {
    "SOURCE_FILE": "nagareyama.csv",
    "NAME": "流山北小学校",
    "ADDRESS": "流山市加一丁目７９５番地の１",
    "DEPTH_M": "",
    "POS_SOURCE": "原本の座標"
   }
  },
  {
   "type": "Feature",
   "geometry": {
    "type": "Point",
    "coordinates": [
     139.942343,
     35.842999
    ]
   },
   "properties": {
    "SOURCE_FILE": "nagareyama.csv",
    "NAME": "東小学校",
    "ADDRESS": "流山市名都借８５６番地",
    "DEPTH_M": "",
    "POS_SOURCE": "原本の座標"
   }
  },
  {
   "type": "Feature",
   "geometry": {
    "type": "Point",
    "coordinates": [
     139.91253,
     35.901538
    ]
   },
   "properties": {
    "SOURCE_FILE": "nagareyama.csv",
    "NAME": "江戸川台小学校",
    "ADDRESS": "流山市江戸川台東３丁目１１番地",
    "DEPTH_M": "",
    "POS_SOURCE": "原本の座標"
   }
  },
  {
   "type": "Feature",
   "geometry": {
    "type": "Point",
    "coordinates": [
     139.908724,
     35.839326
    ]
   },
   "properties": {
    "SOURCE_FILE": "nagareyama.csv",
    "NAME": "鰭ケ崎小学校",
    "ADDRESS": "流山市鰭ケ崎７番地の１",
    "DEPTH_M": "",
    "POS_SOURCE": "原本の座標"
   }
  },
  {
   "type": "Feature",
   "geometry": {
    "type": "Point",
    "coordinates": [
     139.910526,
     35.878917
    ]
   },
   "properties": {
    "SOURCE_FILE": "nagareyama.csv",
    "NAME": "西初石小学校",
    "ADDRESS": "流山市西初石４丁目３４７番地",
    "DEPTH_M": "",
    "POS_SOURCE": "原本の座標"
   }
  },
  {
   "type": "Feature",
   "geometry": {
    "type": "Point",
    "coordinates": [
     139.951742,
     35.836289
    ]
   },
   "properties": {
    "SOURCE_FILE": "nagareyama.csv",
    "NAME": "向小金小学校",
    "ADDRESS": "流山市向小金３丁目１４９番地の１",
    "DEPTH_M": "",
    "POS_SOURCE": "原本の座標"
   }
  },
  {
   "type": "Feature",
   "geometry": {
    "type": "Point",
    "coordinates": [
     139.899784,
     35.895758
    ]
   },
   "properties": {
    "SOURCE_FILE": "nagareyama.csv",
    "NAME": "新川小学校",
    "ADDRESS": "流山市中野久木３３９番地",
    "DEPTH_M": "",
    "POS_SOURCE": "原本の座標"
   }
  },
  {
   "type": "Feature",
   "geometry": {
    "type": "Point",
    "coordinates": [
     139.898881,
     35.834643
    ]
   },
   "properties": {
    "SOURCE_FILE": "nagareyama.csv",
    "NAME": "南流山小学校",
    "ADDRESS": "流山市木４８７番地",
    "DEPTH_M": "",
    "POS_SOURCE": "原本の座標"
   }
  },
  {
   "type": "Feature",
   "geometry": {
    "type": "Point",
    "coordinates": [
     139.900194,
     35.852638
    ]
   },
   "properties": {
    "SOURCE_FILE": "nagareyama.csv",
    "NAME": "流山小学校",
    "ADDRESS": "流山市流山４丁目３５９番地",
    "DEPTH_M": "",
    "POS_SOURCE": "原本の座標"
   }
  },
  {
   "type": "Feature",
   "geometry": {
    "type": "Point",
    "coordinates": [
     139.924272,
     35.850711
    ]
   },
   "properties": {
    "SOURCE_FILE": "nagareyama.csv",
    "NAME": "八木南小学校",
    "ADDRESS": "流山市芝崎９２番地",
    "DEPTH_M": "",
    "POS_SOURCE": "原本の座標"
   }
  },
  {
   "type": "Feature",
   "geometry": {
    "type": "Point",
    "coordinates": [
     139.908994,
     35.908606
    ]
   },
   "properties": {
    "SOURCE_FILE": "nagareyama.csv",
    "NAME": "東深井小学校",
    "ADDRESS": "流山市東深井８７９番地の２",
    "DEPTH_M": "",
    "POS_SOURCE": "原本の座標"
   }
  },
  {
   "type": "Feature",
   "geometry": {
    "type": "Point",
    "coordinates": [
     139.899925,
     35.906174
    ]
   },
   "properties": {
    "SOURCE_FILE": "nagareyama.csv",
    "NAME": "西深井小学校",
    "ADDRESS": "流山市西深井６７番地の１",
    "DEPTH_M": "",
    "POS_SOURCE": "原本の座標"
   }
  },
  {
   "type": "Feature",
   "geometry": {
    "type": "Point",
    "coordinates": [
     139.912167,
     35.879856
    ]
   },
   "properties": {
    "SOURCE_FILE": "nagareyama.csv",
    "NAME": "西初石中学校",
    "ADDRESS": "流山市西初石４丁目４５５番地の１",
    "DEPTH_M": "",
    "POS_SOURCE": "原本の座標"
   }
  },
  {
   "type": "Feature",
   "geometry": {
    "type": "Point",
    "coordinates": [
     139.938652,
     35.843701
    ]
   },
   "properties": {
    "SOURCE_FILE": "nagareyama.csv",
    "NAME": "東部中学校",
    "ADDRESS": "流山市名都借８６５番地",
    "DEPTH_M": "",
    "POS_SOURCE": "原本の座標"
   }
  },
  {
   "type": "Feature",
   "geometry": {
    "type": "Point",
    "coordinates": [
     139.900956,
     35.834455
    ]
   },
   "properties": {
    "SOURCE_FILE": "nagareyama.csv",
    "NAME": "南流山中学校",
    "ADDRESS": "流山市流山２５３９番地の１",
    "DEPTH_M": "",
    "POS_SOURCE": "原本の座標"
   }
  },
  {
   "type": "Feature",
   "geometry": {
    "type": "Point",
    "coordinates": [
     139.906539,
     35.896803
    ]
   },
   "properties": {
    "SOURCE_FILE": "nagareyama.csv",
    "NAME": "北部中学校",
    "ADDRESS": "流山市中野久木５７７番地",
    "DEPTH_M": "",
    "POS_SOURCE": "原本の座標"
   }
  },
  {
   "type": "Feature",
   "geometry": {
    "type": "Point",
    "coordinates": [
     139.922366,
     35.882411
    ]
   },
   "properties": {
    "SOURCE_FILE": "nagareyama.csv",
    "NAME": "常盤松中学校",
    "ADDRESS": "流山市東初石３丁目１３４番地",
    "DEPTH_M": "",
    "POS_SOURCE": "原本の座標"
   }
  },
  {
   "type": "Feature",
   "geometry": {
    "type": "Point",
    "coordinates": [
     139.927836,
     35.855271
    ]
   },
   "properties": {
    "SOURCE_FILE": "nagareyama.csv",
    "NAME": "八木中学校",
    "ADDRESS": "流山市古間木２１０番地の２",
    "DEPTH_M": "",
    "POS_SOURCE": "原本の座標"
   }
  },
  {
   "type": "Feature",
   "geometry": {
    "type": "Point",
    "coordinates": [
     139.936188,
     35.859621
    ]
   },
   "properties": {
    "SOURCE_FILE": "nagareyama.csv",
    "NAME": "長崎小学校",
    "ADDRESS": "流山市野々下２丁目１０番地の１",
    "DEPTH_M": "",
    "POS_SOURCE": "原本の座標"
   }
  },
  {
   "type": "Feature",
   "geometry": {
    "type": "Point",
    "coordinates": [
     139.910765,
     35.862173
    ]
   },
   "properties": {
    "SOURCE_FILE": "nagareyama.csv",
    "NAME": "南部中学校",
    "ADDRESS": "流山市加３丁目６００番地の１",
    "DEPTH_M": "",
    "POS_SOURCE": "原本の座標"
   }
  },
  {
   "type": "Feature",
   "geometry": {
    "type": "Point",
    "coordinates": [
     139.905558,
     35.906326
    ]
   },
   "properties": {
    "SOURCE_FILE": "nagareyama.csv",
    "NAME": "東深井中学校",
    "ADDRESS": "流山市東深井４７番地",
    "DEPTH_M": "",
    "POS_SOURCE": "原本の座標"
   }
  },
  {
   "type": "Feature",
   "geometry": {
    "type": "Point",
    "coordinates": [
     139.931754,
     35.876057
    ]
   },
   "properties": {
    "SOURCE_FILE": "nagareyama.csv",
    "NAME": "小山小学校",
    "ADDRESS": "流山市十太夫９７番地の１",
    "DEPTH_M": "",
    "POS_SOURCE": "原本の座標"
   }
  },
  {
   "type": "Feature",
   "geometry": {
    "type": "Point",
    "coordinates": [
     139.901791,
     35.838843
    ]
   },
   "properties": {
    "SOURCE_FILE": "nagareyama.csv",
    "NAME": "南流山センター",
    "ADDRESS": "流山市南流山３丁目３番地の１",
    "DEPTH_M": "",
    "POS_SOURCE": "原本の座標"
   }
  },
  {
   "type": "Feature",
   "geometry": {
    "type": "Point",
    "coordinates": [
     139.917736,
     35.880539
    ]
   },
   "properties": {
    "SOURCE_FILE": "nagareyama.csv",
    "NAME": "初石公民館",
    "ADDRESS": "流山市西初石４丁目３８１番地の２",
    "DEPTH_M": "",
    "POS_SOURCE": "原本の座標"
   }
  },
  {
   "type": "Feature",
   "geometry": {
    "type": "Point",
    "coordinates": [
     139.904195,
     35.897736
    ]
   },
   "properties": {
    "SOURCE_FILE": "nagareyama.csv",
    "NAME": "北部公民館",
    "ADDRESS": "流山市美原１丁目１５８番地の２",
    "DEPTH_M": "",
    "POS_SOURCE": "原本の座標"
   }
  },
  {
   "type": "Feature",
   "geometry": {
    "type": "Point",
    "coordinates": [
     139.901147,
     35.844895
    ]
   },
   "properties": {
    "SOURCE_FILE": "nagareyama.csv",
    "NAME": "東谷地区市有地防災広場",
    "ADDRESS": "流山市流山字新東谷９６５番の１",
    "DEPTH_M": "",
    "POS_SOURCE": "原本の座標"
   }
  },
  {
   "type": "Feature",
   "geometry": {
    "type": "Point",
    "coordinates": [
     139.905261,
     35.86027
    ]
   },
   "properties": {
    "SOURCE_FILE": "nagareyama.csv",
    "NAME": "中央公民館（文化会館）",
    "ADDRESS": "流山市加１丁目１６番地の２",
    "DEPTH_M": "",
    "POS_SOURCE": "原本の座標"
   }
  },
  {
   "type": "Feature",
   "geometry": {
    "type": "Point",
    "coordinates": [
     139.495172,
     35.770918
    ]
   },
   "properties": {
    "SOURCE_FILE": "higashimurayama.csv",
    "NAME": "防災用井戸1",
    "ADDRESS": "東村山市青葉町3-33-6",
    "DEPTH_M": "",
    "POS_SOURCE": "原本の座標"
   }
  },
  {
   "type": "Feature",
   "geometry": {
    "type": "Point",
    "coordinates": [
     139.494853,
     35.77434
    ]
   },
   "properties": {
    "SOURCE_FILE": "higashimurayama.csv",
    "NAME": "防災用井戸2",
    "ADDRESS": "東村山市秋津町1-6-3",
    "DEPTH_M": "",
    "POS_SOURCE": "原本の座標"
   }
  },
  {
   "type": "Feature",
   "geometry": {
    "type": "Point",
    "coordinates": [
     139.485976,
     35.772901
    ]
   },
   "properties": {
    "SOURCE_FILE": "higashimurayama.csv",
    "NAME": "防災用井戸3",
    "ADDRESS": "東村山市秋津町2-5-7",
    "DEPTH_M": "",
    "POS_SOURCE": "原本の座標"
   }
  },
  {
   "type": "Feature",
   "geometry": {
    "type": "Point",
    "coordinates": [
     139.485482,
     35.774551
    ]
   },
   "properties": {
    "SOURCE_FILE": "higashimurayama.csv",
    "NAME": "防災用井戸4",
    "ADDRESS": "東村山市秋津町2-7-37",
    "DEPTH_M": "",
    "POS_SOURCE": "原本の座標"
   }
  },
  {
   "type": "Feature",
   "geometry": {
    "type": "Point",
    "coordinates": [
     139.486976,
     35.773395
    ]
   },
   "properties": {
    "SOURCE_FILE": "higashimurayama.csv",
    "NAME": "防災用井戸5",
    "ADDRESS": "東村山市秋津町2-9-15",
    "DEPTH_M": "",
    "POS_SOURCE": "原本の座標"
   }
  },
  {
   "type": "Feature",
   "geometry": {
    "type": "Point",
    "coordinates": [
     139.487009,
     35.774692
    ]
   },
   "properties": {
    "SOURCE_FILE": "higashimurayama.csv",
    "NAME": "防災用井戸6",
    "ADDRESS": "東村山市秋津町2-11-1",
    "DEPTH_M": "",
    "POS_SOURCE": "原本の座標"
   }
  },
  {
   "type": "Feature",
   "geometry": {
    "type": "Point",
    "coordinates": [
     139.480077,
     35.772748
    ]
   },
   "properties": {
    "SOURCE_FILE": "higashimurayama.csv",
    "NAME": "防災用井戸7",
    "ADDRESS": "東村山市秋津町3-4-2",
    "DEPTH_M": "",
    "POS_SOURCE": "原本の座標"
   }
  },
  {
   "type": "Feature",
   "geometry": {
    "type": "Point",
    "coordinates": [
     139.478199,
     35.773565
    ]
   },
   "properties": {
    "SOURCE_FILE": "higashimurayama.csv",
    "NAME": "防災用井戸8",
    "ADDRESS": "東村山市秋津町3-7-8",
    "DEPTH_M": "",
    "POS_SOURCE": "原本の座標"
   }
  },
  {
   "type": "Feature",
   "geometry": {
    "type": "Point",
    "coordinates": [
     139.478954,
     35.777622
    ]
   },
   "properties": {
    "SOURCE_FILE": "higashimurayama.csv",
    "NAME": "防災用井戸9",
    "ADDRESS": "東村山市秋津町3-30-2",
    "DEPTH_M": "",
    "POS_SOURCE": "原本の座標"
   }
  },
  {
   "type": "Feature",
   "geometry": {
    "type": "Point",
    "coordinates": [
     139.478904,
     35.777736
    ]
   },
   "properties": {
    "SOURCE_FILE": "higashimurayama.csv",
    "NAME": "防災用井戸10",
    "ADDRESS": "東村山市秋津町3-30-4",
    "DEPTH_M": "",
    "POS_SOURCE": "原本の座標"
   }
  },
  {
   "type": "Feature",
   "geometry": {
    "type": "Point",
    "coordinates": [
     139.482121,
     35.775214
    ]
   },
   "properties": {
    "SOURCE_FILE": "higashimurayama.csv",
    "NAME": "防災用井戸11",
    "ADDRESS": "東村山市秋津町3-42-4",
    "DEPTH_M": "",
    "POS_SOURCE": "原本の座標"
   }
  },
  {
   "type": "Feature",
   "geometry": {
    "type": "Point",
    "coordinates": [
     139.482701,
     35.772073
    ]
   },
   "properties": {
    "SOURCE_FILE": "higashimurayama.csv",
    "NAME": "防災用井戸12",
    "ADDRESS": "東村山市秋津町3-54-2",
    "DEPTH_M": "",
    "POS_SOURCE": "原本の座標"
   }
  },
  {
   "type": "Feature",
   "geometry": {
    "type": "Point",
    "coordinates": [
     139.492006,
     35.778331
    ]
   },
   "properties": {
    "SOURCE_FILE": "higashimurayama.csv",
    "NAME": "防災用井戸13",
    "ADDRESS": "東村山市秋津町5-24-31",
    "DEPTH_M": "",
    "POS_SOURCE": "原本の座標"
   }
  },
  {
   "type": "Feature",
   "geometry": {
    "type": "Point",
    "coordinates": [
     139.492964,
     35.778947
    ]
   },
   "properties": {
    "SOURCE_FILE": "higashimurayama.csv",
    "NAME": "防災用井戸14",
    "ADDRESS": "東村山市秋津町5-26-14",
    "DEPTH_M": "",
    "POS_SOURCE": "原本の座標"
   }
  },
  {
   "type": "Feature",
   "geometry": {
    "type": "Point",
    "coordinates": [
     139.492964,
     35.778947
    ]
   },
   "properties": {
    "SOURCE_FILE": "higashimurayama.csv",
    "NAME": "防災用井戸15",
    "ADDRESS": "東村山市恩多町1-7-4",
    "DEPTH_M": "",
    "POS_SOURCE": "原本の座標"
   }
  },
  {
   "type": "Feature",
   "geometry": {
    "type": "Point",
    "coordinates": [
     139.482463,
     35.75155
    ]
   },
   "properties": {
    "SOURCE_FILE": "higashimurayama.csv",
    "NAME": "防災用井戸16",
    "ADDRESS": "東村山市恩多町2-7-6",
    "DEPTH_M": "",
    "POS_SOURCE": "原本の座標"
   }
  },
  {
   "type": "Feature",
   "geometry": {
    "type": "Point",
    "coordinates": [
     139.484224,
     35.75175
    ]
   },
   "properties": {
    "SOURCE_FILE": "higashimurayama.csv",
    "NAME": "防災用井戸17",
    "ADDRESS": "東村山市恩多町2-14-1",
    "DEPTH_M": "",
    "POS_SOURCE": "原本の座標"
   }
  },
  {
   "type": "Feature",
   "geometry": {
    "type": "Point",
    "coordinates": [
     139.48238,
     35.755814
    ]
   },
   "properties": {
    "SOURCE_FILE": "higashimurayama.csv",
    "NAME": "防災用井戸18",
    "ADDRESS": "東村山市恩多町3-14-6",
    "DEPTH_M": "",
    "POS_SOURCE": "原本の座標"
   }
  },
  {
   "type": "Feature",
   "geometry": {
    "type": "Point",
    "coordinates": [
     139.482449,
     35.756347
    ]
   },
   "properties": {
    "SOURCE_FILE": "higashimurayama.csv",
    "NAME": "防災用井戸19",
    "ADDRESS": "東村山市恩多町3-19-11",
    "DEPTH_M": "",
    "POS_SOURCE": "原本の座標"
   }
  },
  {
   "type": "Feature",
   "geometry": {
    "type": "Point",
    "coordinates": [
     139.48321,
     35.752158
    ]
   },
   "properties": {
    "SOURCE_FILE": "higashimurayama.csv",
    "NAME": "防災用井戸20",
    "ADDRESS": "東村山市恩多町3-32-2",
    "DEPTH_M": "",
    "POS_SOURCE": "原本の座標"
   }
  },
  {
   "type": "Feature",
   "geometry": {
    "type": "Point",
    "coordinates": [
     139.475366,
     35.75633
    ]
   },
   "properties": {
    "SOURCE_FILE": "higashimurayama.csv",
    "NAME": "防災用井戸21",
    "ADDRESS": "東村山市恩多町4-13-13",
    "DEPTH_M": "",
    "POS_SOURCE": "原本の座標"
   }
  },
  {
   "type": "Feature",
   "geometry": {
    "type": "Point",
    "coordinates": [
     139.476025,
     35.755366
    ]
   },
   "properties": {
    "SOURCE_FILE": "higashimurayama.csv",
    "NAME": "防災用井戸22",
    "ADDRESS": "東村山市恩多町4-14-10",
    "DEPTH_M": "",
    "POS_SOURCE": "原本の座標"
   }
  },
  {
   "type": "Feature",
   "geometry": {
    "type": "Point",
    "coordinates": [
     139.483943,
     35.76724
    ]
   },
   "properties": {
    "SOURCE_FILE": "higashimurayama.csv",
    "NAME": "防災用井戸23",
    "ADDRESS": "東村山市久米川町1-24-5",
    "DEPTH_M": "",
    "POS_SOURCE": "原本の座標"
   }
  },
  {
   "type": "Feature",
   "geometry": {
    "type": "Point",
    "coordinates": [
     139.484429,
     35.767074
    ]
   },
   "properties": {
    "SOURCE_FILE": "higashimurayama.csv",
    "NAME": "防災用井戸24",
    "ADDRESS": "東村山市久米川町1-26-3",
    "DEPTH_M": "",
    "POS_SOURCE": "原本の座標"
   }
  },
  {
   "type": "Feature",
   "geometry": {
    "type": "Point",
    "coordinates": [
     139.476855,
     35.769626
    ]
   },
   "properties": {
    "SOURCE_FILE": "higashimurayama.csv",
    "NAME": "防災用井戸25",
    "ADDRESS": "東村山市久米川町1-7-2",
    "DEPTH_M": "",
    "POS_SOURCE": "原本の座標"
   }
  },
  {
   "type": "Feature",
   "geometry": {
    "type": "Point",
    "coordinates": [
     139.483018,
     35.767477
    ]
   },
   "properties": {
    "SOURCE_FILE": "higashimurayama.csv",
    "NAME": "防災用井戸26",
    "ADDRESS": "東村山市久米川町1-22-1",
    "DEPTH_M": "",
    "POS_SOURCE": "原本の座標"
   }
  },
  {
   "type": "Feature",
   "geometry": {
    "type": "Point",
    "coordinates": [
     139.484907,
     35.767113
    ]
   },
   "properties": {
    "SOURCE_FILE": "higashimurayama.csv",
    "NAME": "防災用井戸27",
    "ADDRESS": "東村山市久米川町1-26-1",
    "DEPTH_M": "",
    "POS_SOURCE": "原本の座標"
   }
  },
  {
   "type": "Feature",
   "geometry": {
    "type": "Point",
    "coordinates": [
     139.485812,
     35.766921
    ]
   },
   "properties": {
    "SOURCE_FILE": "higashimurayama.csv",
    "NAME": "防災用井戸28",
    "ADDRESS": "東村山市久米川町1-27-3",
    "DEPTH_M": "",
    "POS_SOURCE": "原本の座標"
   }
  },
  {
   "type": "Feature",
   "geometry": {
    "type": "Point",
    "coordinates": [
     139.485107,
     35.765916
    ]
   },
   "properties": {
    "SOURCE_FILE": "higashimurayama.csv",
    "NAME": "防災用井戸29",
    "ADDRESS": "東村山市久米川町1-28-2",
    "DEPTH_M": "",
    "POS_SOURCE": "原本の座標"
   }
  },
  {
   "type": "Feature",
   "geometry": {
    "type": "Point",
    "coordinates": [
     139.483649,
     35.768632
    ]
   },
   "properties": {
    "SOURCE_FILE": "higashimurayama.csv",
    "NAME": "防災用井戸30",
    "ADDRESS": "東村山市久米川町1-39-1",
    "DEPTH_M": "",
    "POS_SOURCE": "原本の座標"
   }
  },
  {
   "type": "Feature",
   "geometry": {
    "type": "Point",
    "coordinates": [
     139.482454,
     35.769237
    ]
   },
   "properties": {
    "SOURCE_FILE": "higashimurayama.csv",
    "NAME": "防災用井戸31",
    "ADDRESS": "東村山市久米川町1-46-11",
    "DEPTH_M": "",
    "POS_SOURCE": "原本の座標"
   }
  },
  {
   "type": "Feature",
   "geometry": {
    "type": "Point",
    "coordinates": [
     139.478388,
     35.764052
    ]
   },
   "properties": {
    "SOURCE_FILE": "higashimurayama.csv",
    "NAME": "防災用井戸32",
    "ADDRESS": "東村山市久米川町2-21-1",
    "DEPTH_M": "",
    "POS_SOURCE": "原本の座標"
   }
  },
  {
   "type": "Feature",
   "geometry": {
    "type": "Point",
    "coordinates": [
     139.480666,
     35.762702
    ]
   },
   "properties": {
    "SOURCE_FILE": "higashimurayama.csv",
    "NAME": "防災用井戸33",
    "ADDRESS": "東村山市久米川町2-27-2",
    "DEPTH_M": "",
    "POS_SOURCE": "原本の座標"
   }
  },
  {
   "type": "Feature",
   "geometry": {
    "type": "Point",
    "coordinates": [
     139.47841,
     35.767557
    ]
   },
   "properties": {
    "SOURCE_FILE": "higashimurayama.csv",
    "NAME": "防災用井戸34",
    "ADDRESS": "東村山市久米川町2-52-3",
    "DEPTH_M": "",
    "POS_SOURCE": "原本の座標"
   }
  },
  {
   "type": "Feature",
   "geometry": {
    "type": "Point",
    "coordinates": [
     139.477963,
     35.762019
    ]
   },
   "properties": {
    "SOURCE_FILE": "higashimurayama.csv",
    "NAME": "防災用井戸35",
    "ADDRESS": "東村山市久米川町3-33-7",
    "DEPTH_M": "",
    "POS_SOURCE": "原本の座標"
   }
  },
  {
   "type": "Feature",
   "geometry": {
    "type": "Point",
    "coordinates": [
     139.477666,
     35.763055
    ]
   },
   "properties": {
    "SOURCE_FILE": "higashimurayama.csv",
    "NAME": "防災用井戸36",
    "ADDRESS": "東村山市久米川町3-35-5",
    "DEPTH_M": "",
    "POS_SOURCE": "原本の座標"
   }
  },
  {
   "type": "Feature",
   "geometry": {
    "type": "Point",
    "coordinates": [
     139.469606,
     35.764426
    ]
   },
   "properties": {
    "SOURCE_FILE": "higashimurayama.csv",
    "NAME": "防災用井戸37",
    "ADDRESS": "東村山市久米川町4-23-4",
    "DEPTH_M": "",
    "POS_SOURCE": "原本の座標"
   }
  },
  {
   "type": "Feature",
   "geometry": {
    "type": "Point",
    "coordinates": [
     139.470225,
     35.769043
    ]
   },
   "properties": {
    "SOURCE_FILE": "higashimurayama.csv",
    "NAME": "防災用井戸38",
    "ADDRESS": "東村山市久米川町4-36-1",
    "DEPTH_M": "",
    "POS_SOURCE": "原本の座標"
   }
  },
  {
   "type": "Feature",
   "geometry": {
    "type": "Point",
    "coordinates": [
     139.472383,
     35.769973
    ]
   },
   "properties": {
    "SOURCE_FILE": "higashimurayama.csv",
    "NAME": "防災用井戸39",
    "ADDRESS": "東村山市久米川町5-7-3",
    "DEPTH_M": "",
    "POS_SOURCE": "原本の座標"
   }
  },
  {
   "type": "Feature",
   "geometry": {
    "type": "Point",
    "coordinates": [
     139.471083,
     35.772948
    ]
   },
   "properties": {
    "SOURCE_FILE": "higashimurayama.csv",
    "NAME": "防災用井戸40",
    "ADDRESS": "東村山市久米川町5-18-8",
    "DEPTH_M": "",
    "POS_SOURCE": "原本の座標"
   }
  },
  {
   "type": "Feature",
   "geometry": {
    "type": "Point",
    "coordinates": [
     139.473394,
     35.771084
    ]
   },
   "properties": {
    "SOURCE_FILE": "higashimurayama.csv",
    "NAME": "防災用井戸41",
    "ADDRESS": "東村山市久米川町5-25-1",
    "DEPTH_M": "",
    "POS_SOURCE": "原本の座標"
   }
  },
  {
   "type": "Feature",
   "geometry": {
    "type": "Point",
    "coordinates": [
     139.47558,
     35.74877
    ]
   },
   "properties": {
    "SOURCE_FILE": "higashimurayama.csv",
    "NAME": "防災用井戸42",
    "ADDRESS": "東村山市栄町1-12-20",
    "DEPTH_M": "",
    "POS_SOURCE": "原本の座標"
   }
  },
  {
   "type": "Feature",
   "geometry": {
    "type": "Point",
    "coordinates": [
     139.474872,
     35.752319
    ]
   },
   "properties": {
    "SOURCE_FILE": "higashimurayama.csv",
    "NAME": "防災用井戸43",
    "ADDRESS": "東村山市栄町1-29-42",
    "DEPTH_M": "",
    "POS_SOURCE": "原本の座標"
   }
  },
  {
   "type": "Feature",
   "geometry": {
    "type": "Point",
    "coordinates": [
     139.477161,
     35.754633
    ]
   },
   "properties": {
    "SOURCE_FILE": "higashimurayama.csv",
    "NAME": "防災用井戸44",
    "ADDRESS": "東村山市栄町1-33-47",
    "DEPTH_M": "",
    "POS_SOURCE": "原本の座標"
   }
  },
  {
   "type": "Feature",
   "geometry": {
    "type": "Point",
    "coordinates": [
     139.47813,
     35.752572
    ]
   },
   "properties": {
    "SOURCE_FILE": "higashimurayama.csv",
    "NAME": "防災用井戸45",
    "ADDRESS": "東村山市栄町1-36-13",
    "DEPTH_M": "",
    "POS_SOURCE": "原本の座標"
   }
  },
  {
   "type": "Feature",
   "geometry": {
    "type": "Point",
    "coordinates": [
     139.470364,
     35.749869
    ]
   },
   "properties": {
    "SOURCE_FILE": "higashimurayama.csv",
    "NAME": "防災用井戸46",
    "ADDRESS": "東村山市栄町2-18-2",
    "DEPTH_M": "",
    "POS_SOURCE": "原本の座標"
   }
  },
  {
   "type": "Feature",
   "geometry": {
    "type": "Point",
    "coordinates": [
     139.469012,
     35.74945
    ]
   },
   "properties": {
    "SOURCE_FILE": "higashimurayama.csv",
    "NAME": "防災用井戸47",
    "ADDRESS": "東村山市栄町2-32-12",
    "DEPTH_M": "",
    "POS_SOURCE": "原本の座標"
   }
  },
  {
   "type": "Feature",
   "geometry": {
    "type": "Point",
    "coordinates": [
     139.468823,
     35.748114
    ]
   },
   "properties": {
    "SOURCE_FILE": "higashimurayama.csv",
    "NAME": "防災用井戸48",
    "ADDRESS": "東村山市栄町2-36-7",
    "DEPTH_M": "",
    "POS_SOURCE": "原本の座標"
   }
  },
  {
   "type": "Feature",
   "geometry": {
    "type": "Point",
    "coordinates": [
     139.467367,
     35.747656
    ]
   },
   "properties": {
    "SOURCE_FILE": "higashimurayama.csv",
    "NAME": "防災用井戸49",
    "ADDRESS": "東村山市栄町3-8-11",
    "DEPTH_M": "",
    "POS_SOURCE": "原本の座標"
   }
  },
  {
   "type": "Feature",
   "geometry": {
    "type": "Point",
    "coordinates": [
     139.467709,
     35.745698
    ]
   },
   "properties": {
    "SOURCE_FILE": "higashimurayama.csv",
    "NAME": "防災用井戸50",
    "ADDRESS": "東村山市栄町3-16-7",
    "DEPTH_M": "",
    "POS_SOURCE": "原本の座標"
   }
  },
  {
   "type": "Feature",
   "geometry": {
    "type": "Point",
    "coordinates": [
     139.466381,
     35.75008
    ]
   },
   "properties": {
    "SOURCE_FILE": "higashimurayama.csv",
    "NAME": "防災用井戸51",
    "ADDRESS": "東村山市栄町3-35-1",
    "DEPTH_M": "",
    "POS_SOURCE": "原本の座標"
   }
  },
  {
   "type": "Feature",
   "geometry": {
    "type": "Point",
    "coordinates": [
     139.467572,
     35.768696
    ]
   },
   "properties": {
    "SOURCE_FILE": "higashimurayama.csv",
    "NAME": "防災用井戸52",
    "ADDRESS": "東村山市諏訪町1-17-14",
    "DEPTH_M": "",
    "POS_SOURCE": "原本の座標"
   }
  },
  {
   "type": "Feature",
   "geometry": {
    "type": "Point",
    "coordinates": [
     139.467619,
     35.767504
    ]
   },
   "properties": {
    "SOURCE_FILE": "higashimurayama.csv",
    "NAME": "防災用井戸53",
    "ADDRESS": "東村山市諏訪町1-18-19",
    "DEPTH_M": "",
    "POS_SOURCE": "原本の座標"
   }
  },
  {
   "type": "Feature",
   "geometry": {
    "type": "Point",
    "coordinates": [
     139.468611,
     35.76924
    ]
   },
   "properties": {
    "SOURCE_FILE": "higashimurayama.csv",
    "NAME": "防災用井戸54",
    "ADDRESS": "東村山市諏訪町1-20-1",
    "DEPTH_M": "",
    "POS_SOURCE": "原本の座標"
   }
  },
  {
   "type": "Feature",
   "geometry": {
    "type": "Point",
    "coordinates": [
     139.467728,
     35.768848
    ]
   },
   "properties": {
    "SOURCE_FILE": "higashimurayama.csv",
    "NAME": "防災用井戸55",
    "ADDRESS": "東村山市諏訪町1-21-1",
    "DEPTH_M": "",
    "POS_SOURCE": "原本の座標"
   }
  },
  {
   "type": "Feature",
   "geometry": {
    "type": "Point",
    "coordinates": [
     139.466242,
     35.769284
    ]
   },
   "properties": {
    "SOURCE_FILE": "higashimurayama.csv",
    "NAME": "防災用井戸56",
    "ADDRESS": "東村山市諏訪町1-23-5",
    "DEPTH_M": "",
    "POS_SOURCE": "原本の座標"
   }
  },
  {
   "type": "Feature",
   "geometry": {
    "type": "Point",
    "coordinates": [
     139.470837,
     35.772311
    ]
   },
   "properties": {
    "SOURCE_FILE": "higashimurayama.csv",
    "NAME": "防災用井戸57",
    "ADDRESS": "東村山市諏訪町1-39-1",
    "DEPTH_M": "",
    "POS_SOURCE": "原本の座標"
   }
  },
  {
   "type": "Feature",
   "geometry": {
    "type": "Point",
    "coordinates": [
     139.448574,
     35.763776
    ]
   },
   "properties": {
    "SOURCE_FILE": "higashimurayama.csv",
    "NAME": "防災用井戸58",
    "ADDRESS": "東村山市多摩湖町1-17-12",
    "DEPTH_M": "",
    "POS_SOURCE": "原本の座標"
   }
  },
  {
   "type": "Feature",
   "geometry": {
    "type": "Point",
    "coordinates": [
     139.446049,
     35.76159
    ]
   },
   "properties": {
    "SOURCE_FILE": "higashimurayama.csv",
    "NAME": "防災用井戸59",
    "ADDRESS": "東村山市多摩湖町2-17-6",
    "DEPTH_M": "",
    "POS_SOURCE": "原本の座標"
   }
  },
  {
   "type": "Feature",
   "geometry": {
    "type": "Point",
    "coordinates": [
     139.445622,
     35.761046
    ]
   },
   "properties": {
    "SOURCE_FILE": "higashimurayama.csv",
    "NAME": "防災用井戸60",
    "ADDRESS": "東村山市多摩湖町2-22-1",
    "DEPTH_M": "",
    "POS_SOURCE": "原本の座標"
   }
  },
  {
   "type": "Feature",
   "geometry": {
    "type": "Point",
    "coordinates": [
     139.443252,
     35.763551
    ]
   },
   "properties": {
    "SOURCE_FILE": "higashimurayama.csv",
    "NAME": "防災用井戸61",
    "ADDRESS": "東村山市多摩湖町3-1-1",
    "DEPTH_M": "",
    "POS_SOURCE": "原本の座標"
   }
  },
  {
   "type": "Feature",
   "geometry": {
    "type": "Point",
    "coordinates": [
     139.443358,
     35.764423
    ]
   },
   "properties": {
    "SOURCE_FILE": "higashimurayama.csv",
    "NAME": "防災用井戸62",
    "ADDRESS": "東村山市多摩湖町3-14-3",
    "DEPTH_M": "",
    "POS_SOURCE": "原本の座標"
   }
  },
  {
   "type": "Feature",
   "geometry": {
    "type": "Point",
    "coordinates": [
     139.462751,
     35.759324
    ]
   },
   "properties": {
    "SOURCE_FILE": "higashimurayama.csv",
    "NAME": "防災用井戸63",
    "ADDRESS": "東村山市野口町1-27-7",
    "DEPTH_M": "",
    "POS_SOURCE": "原本の座標"
   }
  },
  {
   "type": "Feature",
   "geometry": {
    "type": "Point",
    "coordinates": [
     139.458312,
     35.761154
    ]
   },
   "properties": {
    "SOURCE_FILE": "higashimurayama.csv",
    "NAME": "防災用井戸64",
    "ADDRESS": "東村山市野口町2-5-17",
    "DEPTH_M": "",
    "POS_SOURCE": "原本の座標"
   }
  },
  {
   "type": "Feature",
   "geometry": {
    "type": "Point",
    "coordinates": [
     139.457932,
     35.76089
    ]
   },
   "properties": {
    "SOURCE_FILE": "higashimurayama.csv",
    "NAME": "防災用井戸65",
    "ADDRESS": "東村山市野口町2-28-1",
    "DEPTH_M": "",
    "POS_SOURCE": "原本の座標"
   }
  },
  {
   "type": "Feature",
   "geometry": {
    "type": "Point",
    "coordinates": [
     139.459232,
     35.762268
    ]
   },
   "properties": {
    "SOURCE_FILE": "higashimurayama.csv",
    "NAME": "防災用井戸66",
    "ADDRESS": "東村山市野口町3-1-3",
    "DEPTH_M": "",
    "POS_SOURCE": "原本の座標"
   }
  },
  {
   "type": "Feature",
   "geometry": {
    "type": "Point",
    "coordinates": [
     139.45496,
     35.760982
    ]
   },
   "properties": {
    "SOURCE_FILE": "higashimurayama.csv",
    "NAME": "防災用井戸67",
    "ADDRESS": "東村山市野口町3-9-11",
    "DEPTH_M": "",
    "POS_SOURCE": "原本の座標"
   }
  },
  {
   "type": "Feature",
   "geometry": {
    "type": "Point",
    "coordinates": [
     139.454438,
     35.760124
    ]
   },
   "properties": {
    "SOURCE_FILE": "higashimurayama.csv",
    "NAME": "防災用井戸68",
    "ADDRESS": "東村山市野口町3-10-3",
    "DEPTH_M": "",
    "POS_SOURCE": "原本の座標"
   }
  },
  {
   "type": "Feature",
   "geometry": {
    "type": "Point",
    "coordinates": [
     139.459329,
     35.76474
    ]
   },
   "properties": {
    "SOURCE_FILE": "higashimurayama.csv",
    "NAME": "防災用井戸69",
    "ADDRESS": "東村山市野口町4-6-1",
    "DEPTH_M": "",
    "POS_SOURCE": "原本の座標"
   }
  },
  {
   "type": "Feature",
   "geometry": {
    "type": "Point",
    "coordinates": [
     139.462401,
     35.764176
    ]
   },
   "properties": {
    "SOURCE_FILE": "higashimurayama.csv",
    "NAME": "防災用井戸70",
    "ADDRESS": "東村山市野口町4-23-1",
    "DEPTH_M": "",
    "POS_SOURCE": "原本の座標"
   }
  },
  {
   "type": "Feature",
   "geometry": {
    "type": "Point",
    "coordinates": [
     139.463953,
     35.764868
    ]
   },
   "properties": {
    "SOURCE_FILE": "higashimurayama.csv",
    "NAME": "防災用井戸71",
    "ADDRESS": "東村山市野口町4-28-1",
    "DEPTH_M": "",
    "POS_SOURCE": "原本の座標"
   }
  },
  {
   "type": "Feature",
   "geometry": {
    "type": "Point",
    "coordinates": [
     139.462251,
     35.765559
    ]
   },
   "properties": {
    "SOURCE_FILE": "higashimurayama.csv",
    "NAME": "防災用井戸72",
    "ADDRESS": "東村山市野口町4-30-1",
    "DEPTH_M": "",
    "POS_SOURCE": "原本の座標"
   }
  },
  {
   "type": "Feature",
   "geometry": {
    "type": "Point",
    "coordinates": [
     139.476044,
     35.742112
    ]
   },
   "properties": {
    "SOURCE_FILE": "higashimurayama.csv",
    "NAME": "防災用井戸73",
    "ADDRESS": "東村山市萩山町2-5-12",
    "DEPTH_M": "",
    "POS_SOURCE": "原本の座標"
   }
  },
  {
   "type": "Feature",
   "geometry": {
    "type": "Point",
    "coordinates": [
     139.472228,
     35.745598
    ]
   },
   "properties": {
    "SOURCE_FILE": "higashimurayama.csv",
    "NAME": "防災用井戸74",
    "ADDRESS": "東村山市萩山町3-15-9",
    "DEPTH_M": "",
    "POS_SOURCE": "原本の座標"
   }
  },
  {
   "type": "Feature",
   "geometry": {
    "type": "Point",
    "coordinates": [
     139.471961,
     35.745798
    ]
   },
   "properties": {
    "SOURCE_FILE": "higashimurayama.csv",
    "NAME": "防災用井戸75",
    "ADDRESS": "東村山市萩山町3-15-57",
    "DEPTH_M": "",
    "POS_SOURCE": "原本の座標"
   }
  },
  {
   "type": "Feature",
   "geometry": {
    "type": "Point",
    "coordinates": [
     139.472367,
     35.743437
    ]
   },
   "properties": {
    "SOURCE_FILE": "higashimurayama.csv",
    "NAME": "防災用井戸76",
    "ADDRESS": "東村山市萩山町3-26-10",
    "DEPTH_M": "",
    "POS_SOURCE": "原本の座標"
   }
  },
  {
   "type": "Feature",
   "geometry": {
    "type": "Point",
    "coordinates": [
     139.463962,
     35.745722
    ]
   },
   "properties": {
    "SOURCE_FILE": "higashimurayama.csv",
    "NAME": "防災用井戸77",
    "ADDRESS": "東村山市富士見町5-2-36",
    "DEPTH_M": "",
    "POS_SOURCE": "原本の座標"
   }
  },
  {
   "type": "Feature",
   "geometry": {
    "type": "Point",
    "coordinates": [
     139.466462,
     35.757463
    ]
   },
   "properties": {
    "SOURCE_FILE": "higashimurayama.csv",
    "NAME": "防災用井戸78",
    "ADDRESS": "東村山市本町1-19-16",
    "DEPTH_M": "",
    "POS_SOURCE": "原本の座標"
   }
  },
  {
   "type": "Feature",
   "geometry": {
    "type": "Point",
    "coordinates": [
     139.467728,
     35.761785
    ]
   },
   "properties": {
    "SOURCE_FILE": "higashimurayama.csv",
    "NAME": "防災用井戸79",
    "ADDRESS": "東村山市本町2-15-24",
    "DEPTH_M": "",
    "POS_SOURCE": "原本の座標"
   }
  },
  {
   "type": "Feature",
   "geometry": {
    "type": "Point",
    "coordinates": [
     139.464595,
     35.7473
    ]
   },
   "properties": {
    "SOURCE_FILE": "higashimurayama.csv",
    "NAME": "防災用井戸80",
    "ADDRESS": "東村山市美住町1-8-22",
    "DEPTH_M": "",
    "POS_SOURCE": "原本の座標"
   }
  },
  {
   "type": "Feature",
   "geometry": {
    "type": "Point",
    "coordinates": [
     139.462548,
     35.756966
    ]
   },
   "properties": {
    "SOURCE_FILE": "higashimurayama.csv",
    "NAME": "防災用井戸81",
    "ADDRESS": "東村山市美住町2-11-2",
    "DEPTH_M": "",
    "POS_SOURCE": "原本の座標"
   }
  },
  {
   "type": "Feature",
   "geometry": {
    "type": "Point",
    "coordinates": [
     139.46222,
     35.753508
    ]
   },
   "properties": {
    "SOURCE_FILE": "higashimurayama.csv",
    "NAME": "防災用井戸82",
    "ADDRESS": "東村山市美住町2-17-30",
    "DEPTH_M": "",
    "POS_SOURCE": "原本の座標"
   }
  },
  {
   "type": "Feature",
   "geometry": {
    "type": "Point",
    "coordinates": [
     139.45394,
     35.757963
    ]
   },
   "properties": {
    "SOURCE_FILE": "higashimurayama.csv",
    "NAME": "防災用井戸83",
    "ADDRESS": "東村山市廻田町1-6-2",
    "DEPTH_M": "",
    "POS_SOURCE": "原本の座標"
   }
  },
  {
   "type": "Feature",
   "geometry": {
    "type": "Point",
    "coordinates": [
     139.451646,
     35.756918
    ]
   },
   "properties": {
    "SOURCE_FILE": "higashimurayama.csv",
    "NAME": "防災用井戸84",
    "ADDRESS": "東村山市廻田町1-23-3",
    "DEPTH_M": "",
    "POS_SOURCE": "原本の座標"
   }
  },
  {
   "type": "Feature",
   "geometry": {
    "type": "Point",
    "coordinates": [
     139.444844,
     35.756454
    ]
   },
   "properties": {
    "SOURCE_FILE": "higashimurayama.csv",
    "NAME": "防災用井戸85",
    "ADDRESS": "東村山市廻田町3-9-5",
    "DEPTH_M": "",
    "POS_SOURCE": "原本の座標"
   }
  },
  {
   "type": "Feature",
   "geometry": {
    "type": "Point",
    "coordinates": [
     139.450027,
     35.759415
    ]
   },
   "properties": {
    "SOURCE_FILE": "higashimurayama.csv",
    "NAME": "防災用井戸86",
    "ADDRESS": "東村山市廻田町4-15-3",
    "DEPTH_M": "",
    "POS_SOURCE": "原本の座標"
   }
  },
  {
   "type": "Feature",
   "geometry": {
    "type": "Point",
    "coordinates": [
     139.44858,
     35.754952
    ]
   },
   "properties": {
    "SOURCE_FILE": "higashimurayama.csv",
    "NAME": "防災用井戸87",
    "ADDRESS": "東村山市廻田町2-17-2",
    "DEPTH_M": "",
    "POS_SOURCE": "原本の座標"
   }
  },
  {
   "type": "Feature",
   "geometry": {
    "type": "Point",
    "coordinates": [
     139.447438,
     35.752852
    ]
   },
   "properties": {
    "SOURCE_FILE": "higashimurayama.csv",
    "NAME": "防災用井戸88",
    "ADDRESS": "東村山市廻田町2-25-8",
    "DEPTH_M": "",
    "POS_SOURCE": "原本の座標"
   }
  },
  {
   "type": "Feature",
   "geometry": {
    "type": "Point",
    "coordinates": [
     139.447191,
     35.754355
    ]
   },
   "properties": {
    "SOURCE_FILE": "higashimurayama.csv",
    "NAME": "防災用井戸89",
    "ADDRESS": "東村山市廻田町2-28-1",
    "DEPTH_M": "",
    "POS_SOURCE": "原本の座標"
   }
  },
  {
   "type": "Feature",
   "geometry": {
    "type": "Point",
    "coordinates": [
     139.446977,
     35.755524
    ]
   },
   "properties": {
    "SOURCE_FILE": "higashimurayama.csv",
    "NAME": "防災用井戸90",
    "ADDRESS": "東村山市廻田町2-30-3",
    "DEPTH_M": "",
    "POS_SOURCE": "原本の座標"
   }
  },
  {
   "type": "Feature",
   "geometry": {
    "type": "Point",
    "coordinates": [
     139.447972,
     35.757793
    ]
   },
   "properties": {
    "SOURCE_FILE": "higashimurayama.csv",
    "NAME": "防災用井戸91",
    "ADDRESS": "東村山市廻田町3-13-2",
    "DEPTH_M": "",
    "POS_SOURCE": "原本の座標"
   }
  },
  {
   "type": "Feature",
   "geometry": {
    "type": "Point",
    "coordinates": [
     139.452441,
     35.75886
    ]
   },
   "properties": {
    "SOURCE_FILE": "higashimurayama.csv",
    "NAME": "防災用井戸92",
    "ADDRESS": "東村山市廻田町4-7-3",
    "DEPTH_M": "",
    "POS_SOURCE": "原本の座標"
   }
  },
  {
   "type": "Feature",
   "geometry": {
    "type": "Point",
    "coordinates": [
     139.450555,
     35.759668
    ]
   },
   "properties": {
    "SOURCE_FILE": "higashimurayama.csv",
    "NAME": "防災用井戸93",
    "ADDRESS": "東村山市廻田町4-17-4",
    "DEPTH_M": "",
    "POS_SOURCE": "原本の座標"
   }
  },
  {
   "type": "Feature",
   "geometry": {
    "type": "Point",
    "coordinates": [
     139.453965,
     35.760065
    ]
   },
   "properties": {
    "SOURCE_FILE": "higashimurayama.csv",
    "NAME": "防災用井戸94",
    "ADDRESS": "東村山市廻田町4-22-1",
    "DEPTH_M": "",
    "POS_SOURCE": "原本の座標"
   }
  },
  {
   "type": "Feature",
   "geometry": {
    "type": "Point",
    "coordinates": [
     139.261571,
     35.573574
    ]
   },
   "properties": {
    "SOURCE_FILE": "sagamihara.csv",
    "NAME": "個人",
    "ADDRESS": "相模原市緑区根小屋2111",
    "DEPTH_M": "",
    "POS_SOURCE": "原本の座標"
   }
  },
  {
   "type": "Feature",
   "geometry": {
    "type": "Point",
    "coordinates": [
     139.294549,
     35.585496
    ]
   },
   "properties": {
    "SOURCE_FILE": "sagamihara.csv",
    "NAME": "個人",
    "ADDRESS": "相模原市緑区小倉250",
    "DEPTH_M": "",
    "POS_SOURCE": "原本の座標"
   }
  },
  {
   "type": "Feature",
   "geometry": {
    "type": "Point",
    "coordinates": [
     139.296649,
     35.606
    ]
   },
   "properties": {
    "SOURCE_FILE": "sagamihara.csv",
    "NAME": "個人",
    "ADDRESS": "相模原市緑区川尻4706-2",
    "DEPTH_M": "",
    "POS_SOURCE": "原本の座標"
   }
  },
  {
   "type": "Feature",
   "geometry": {
    "type": "Point",
    "coordinates": [
     139.296843,
     35.606057
    ]
   },
   "properties": {
    "SOURCE_FILE": "sagamihara.csv",
    "NAME": "個人",
    "ADDRESS": "相模原市緑区川尻4709-1",
    "DEPTH_M": "",
    "POS_SOURCE": "原本の座標"
   }
  },
  {
   "type": "Feature",
   "geometry": {
    "type": "Point",
    "coordinates": [
     139.297575,
     35.606401
    ]
   },
   "properties": {
    "SOURCE_FILE": "sagamihara.csv",
    "NAME": "個人",
    "ADDRESS": "相模原市緑区川尻4712",
    "DEPTH_M": "",
    "POS_SOURCE": "原本の座標"
   }
  },
  {
   "type": "Feature",
   "geometry": {
    "type": "Point",
    "coordinates": [
     139.297392,
     35.606139
    ]
   },
   "properties": {
    "SOURCE_FILE": "sagamihara.csv",
    "NAME": "個人",
    "ADDRESS": "相模原市緑区川尻4714",
    "DEPTH_M": "",
    "POS_SOURCE": "原本の座標"
   }
  },
  {
   "type": "Feature",
   "geometry": {
    "type": "Point",
    "coordinates": [
     139.293841,
     35.605306
    ]
   },
   "properties": {
    "SOURCE_FILE": "sagamihara.csv",
    "NAME": "個人",
    "ADDRESS": "相模原市緑区川尻4838",
    "DEPTH_M": "",
    "POS_SOURCE": "原本の座標"
   }
  },
  {
   "type": "Feature",
   "geometry": {
    "type": "Point",
    "coordinates": [
     139.295059,
     35.608863
    ]
   },
   "properties": {
    "SOURCE_FILE": "sagamihara.csv",
    "NAME": "個人",
    "ADDRESS": "相模原市緑区川尻5300",
    "DEPTH_M": "",
    "POS_SOURCE": "原本の座標"
   }
  },
  {
   "type": "Feature",
   "geometry": {
    "type": "Point",
    "coordinates": [
     139.29453,
     35.609454
    ]
   },
   "properties": {
    "SOURCE_FILE": "sagamihara.csv",
    "NAME": "個人",
    "ADDRESS": "相模原市緑区川尻5372",
    "DEPTH_M": "",
    "POS_SOURCE": "原本の座標"
   }
  },
  {
   "type": "Feature",
   "geometry": {
    "type": "Point",
    "coordinates": [
     139.292806,
     35.610117
    ]
   },
   "properties": {
    "SOURCE_FILE": "sagamihara.csv",
    "NAME": "個人",
    "ADDRESS": "相模原市緑区川尻5452",
    "DEPTH_M": "",
    "POS_SOURCE": "原本の座標"
   }
  },
  {
   "type": "Feature",
   "geometry": {
    "type": "Point",
    "coordinates": [
     139.285167,
     35.612385
    ]
   },
   "properties": {
    "SOURCE_FILE": "sagamihara.csv",
    "NAME": "個人",
    "ADDRESS": "相模原市緑区川尻5770",
    "DEPTH_M": "",
    "POS_SOURCE": "原本の座標"
   }
  },
  {
   "type": "Feature",
   "geometry": {
    "type": "Point",
    "coordinates": [
     139.320239,
     35.60426
    ]
   },
   "properties": {
    "SOURCE_FILE": "sagamihara.csv",
    "NAME": "個人",
    "ADDRESS": "相模原市緑区相原3-26-2",
    "DEPTH_M": "",
    "POS_SOURCE": "原本の座標"
   }
  },
  {
   "type": "Feature",
   "geometry": {
    "type": "Point",
    "coordinates": [
     139.318603,
     35.603539
    ]
   },
   "properties": {
    "SOURCE_FILE": "sagamihara.csv",
    "NAME": "個人",
    "ADDRESS": "相模原市緑区相原6-1-20",
    "DEPTH_M": "",
    "POS_SOURCE": "原本の座標"
   }
  },
  {
   "type": "Feature",
   "geometry": {
    "type": "Point",
    "coordinates": [
     139.316616,
     35.604724
    ]
   },
   "properties": {
    "SOURCE_FILE": "sagamihara.csv",
    "NAME": "個人",
    "ADDRESS": "相模原市緑区相原6-17-11",
    "DEPTH_M": "",
    "POS_SOURCE": "原本の座標"
   }
  },
  {
   "type": "Feature",
   "geometry": {
    "type": "Point",
    "coordinates": [
     139.317351,
     35.604146
    ]
   },
   "properties": {
    "SOURCE_FILE": "sagamihara.csv",
    "NAME": "個人",
    "ADDRESS": "相模原市緑区相原6-17-21",
    "DEPTH_M": "",
    "POS_SOURCE": "原本の座標"
   }
  },
  {
   "type": "Feature",
   "geometry": {
    "type": "Point",
    "coordinates": [
     139.314864,
     35.60453
    ]
   },
   "properties": {
    "SOURCE_FILE": "sagamihara.csv",
    "NAME": "華蔵院",
    "ADDRESS": "相模原市緑区相原6-19-13",
    "DEPTH_M": "",
    "POS_SOURCE": "原本の座標"
   }
  },
  {
   "type": "Feature",
   "geometry": {
    "type": "Point",
    "coordinates": [
     139.31535,
     35.604502
    ]
   },
   "properties": {
    "SOURCE_FILE": "sagamihara.csv",
    "NAME": "個人",
    "ADDRESS": "相模原市緑区相原6-19-7",
    "DEPTH_M": "",
    "POS_SOURCE": "原本の座標"
   }
  },
  {
   "type": "Feature",
   "geometry": {
    "type": "Point",
    "coordinates": [
     139.315218,
     35.60383
    ]
   },
   "properties": {
    "SOURCE_FILE": "sagamihara.csv",
    "NAME": "個人",
    "ADDRESS": "相模原市緑区相原6-20-11",
    "DEPTH_M": "",
    "POS_SOURCE": "原本の座標"
   }
  },
  {
   "type": "Feature",
   "geometry": {
    "type": "Point",
    "coordinates": [
     139.318466,
     35.605577
    ]
   },
   "properties": {
    "SOURCE_FILE": "sagamihara.csv",
    "NAME": "個人",
    "ADDRESS": "相模原市緑区相原6-5-18",
    "DEPTH_M": "",
    "POS_SOURCE": "原本の座標"
   }
  },
  {
   "type": "Feature",
   "geometry": {
    "type": "Point",
    "coordinates": [
     139.318756,
     35.605354
    ]
   },
   "properties": {
    "SOURCE_FILE": "sagamihara.csv",
    "NAME": "（有）森崎土地",
    "ADDRESS": "相模原市緑区相原6-5-4",
    "DEPTH_M": "",
    "POS_SOURCE": "原本の座標"
   }
  },
  {
   "type": "Feature",
   "geometry": {
    "type": "Point",
    "coordinates": [
     139.317992,
     35.604233
    ]
   },
   "properties": {
    "SOURCE_FILE": "sagamihara.csv",
    "NAME": "正泉寺",
    "ADDRESS": "相模原市緑区相原6-6-2",
    "DEPTH_M": "",
    "POS_SOURCE": "原本の座標"
   }
  },
  {
   "type": "Feature",
   "geometry": {
    "type": "Point",
    "coordinates": [
     139.317469,
     35.60383
    ]
   },
   "properties": {
    "SOURCE_FILE": "sagamihara.csv",
    "NAME": "個人",
    "ADDRESS": "相模原市緑区相原6-6-6",
    "DEPTH_M": "",
    "POS_SOURCE": "原本の座標"
   }
  },
  {
   "type": "Feature",
   "geometry": {
    "type": "Point",
    "coordinates": [
     139.308966,
     35.603941
    ]
   },
   "properties": {
    "SOURCE_FILE": "sagamihara.csv",
    "NAME": "個人",
    "ADDRESS": "相模原市緑区町屋3-16-1",
    "DEPTH_M": "",
    "POS_SOURCE": "原本の座標"
   }
  },
  {
   "type": "Feature",
   "geometry": {
    "type": "Point",
    "coordinates": [
     139.347678,
     35.576149
    ]
   },
   "properties": {
    "SOURCE_FILE": "sagamihara.csv",
    "NAME": "齋田商事（株）",
    "ADDRESS": "相模原市中央区下九沢56-１",
    "DEPTH_M": "",
    "POS_SOURCE": "原本の座標"
   }
  },
  {
   "type": "Feature",
   "geometry": {
    "type": "Point",
    "coordinates": [
     139.370295,
     35.593486
    ]
   },
   "properties": {
    "SOURCE_FILE": "sagamihara.csv",
    "NAME": "個人",
    "ADDRESS": "相模原市中央区宮下本町2-24-5",
    "DEPTH_M": "",
    "POS_SOURCE": "原本の座標"
   }
  },
  {
   "type": "Feature",
   "geometry": {
    "type": "Point",
    "coordinates": [
     139.367194,
     35.595327
    ]
   },
   "properties": {
    "SOURCE_FILE": "sagamihara.csv",
    "NAME": "個人",
    "ADDRESS": "相模原市中央区宮下本町2-37-10",
    "DEPTH_M": "",
    "POS_SOURCE": "原本の座標"
   }
  },
  {
   "type": "Feature",
   "geometry": {
    "type": "Point",
    "coordinates": [
     139.364914,
     35.593641
    ]
   },
   "properties": {
    "SOURCE_FILE": "sagamihara.csv",
    "NAME": "個人",
    "ADDRESS": "相模原市中央区宮下本町3-2-3",
    "DEPTH_M": "",
    "POS_SOURCE": "原本の座標"
   }
  },
  {
   "type": "Feature",
   "geometry": {
    "type": "Point",
    "coordinates": [
     139.364772,
     35.596432
    ]
   },
   "properties": {
    "SOURCE_FILE": "sagamihara.csv",
    "NAME": "個人",
    "ADDRESS": "相模原市中央区宮下本町3-28-29",
    "DEPTH_M": "",
    "POS_SOURCE": "原本の座標"
   }
  },
  {
   "type": "Feature",
   "geometry": {
    "type": "Point",
    "coordinates": [
     139.389693,
     35.568722
    ]
   },
   "properties": {
    "SOURCE_FILE": "sagamihara.csv",
    "NAME": "（株）河本総合防災",
    "ADDRESS": "相模原市中央区鹿沼台2-1-3",
    "DEPTH_M": "",
    "POS_SOURCE": "原本の座標"
   }
  },
  {
   "type": "Feature",
   "geometry": {
    "type": "Point",
    "coordinates": [
     139.391173,
     35.56572
    ]
   },
   "properties": {
    "SOURCE_FILE": "sagamihara.csv",
    "NAME": "（株）ガル企画",
    "ADDRESS": "相模原市中央区鹿沼台2-16-12",
    "DEPTH_M": "",
    "POS_SOURCE": "原本の座標"
   }
  },
  {
   "type": "Feature",
   "geometry": {
    "type": "Point",
    "coordinates": [
     139.390261,
     35.566008
    ]
   },
   "properties": {
    "SOURCE_FILE": "sagamihara.csv",
    "NAME": "（有）花ふじ",
    "ADDRESS": "相模原市中央区鹿沼台2-16-22",
    "DEPTH_M": "",
    "POS_SOURCE": "原本の座標"
   }
  },
  {
   "type": "Feature",
   "geometry": {
    "type": "Point",
    "coordinates": [
     139.359276,
     35.560606
    ]
   },
   "properties": {
    "SOURCE_FILE": "sagamihara.csv",
    "NAME": "（有）タカユウ商事",
    "ADDRESS": "相模原市中央区上溝5-14-70",
    "DEPTH_M": "",
    "POS_SOURCE": "原本の座標"
   }
  },
  {
   "type": "Feature",
   "geometry": {
    "type": "Point",
    "coordinates": [
     139.361846,
     35.554066
    ]
   },
   "properties": {
    "SOURCE_FILE": "sagamihara.csv",
    "NAME": "個人",
    "ADDRESS": "相模原市中央区上溝7-28-5",
    "DEPTH_M": "",
    "POS_SOURCE": "原本の座標"
   }
  },
  {
   "type": "Feature",
   "geometry": {
    "type": "Point",
    "coordinates": [
     139.360306,
     35.553295
    ]
   },
   "properties": {
    "SOURCE_FILE": "sagamihara.csv",
    "NAME": "宝光寺",
    "ADDRESS": "相模原市中央区上溝7-29-21",
    "DEPTH_M": "",
    "POS_SOURCE": "原本の座標"
   }
  },
  {
   "type": "Feature",
   "geometry": {
    "type": "Point",
    "coordinates": [
     139.357334,
     35.582178
    ]
   },
   "properties": {
    "SOURCE_FILE": "sagamihara.csv",
    "NAME": "（株）ネクストイノベーション",
    "ADDRESS": "相模原市中央区清新4-13-13",
    "DEPTH_M": "",
    "POS_SOURCE": "原本の座標"
   }
  },
  {
   "type": "Feature",
   "geometry": {
    "type": "Point",
    "coordinates": [
     139.359314,
     35.579408
    ]
   },
   "properties": {
    "SOURCE_FILE": "sagamihara.csv",
    "NAME": "（有）ステラ",
    "ADDRESS": "相模原市中央区清新5-9-8",
    "DEPTH_M": "",
    "POS_SOURCE": "原本の座標"
   }
  },
  {
   "type": "Feature",
   "geometry": {
    "type": "Point",
    "coordinates": [
     139.387039,
     35.554199
    ]
   },
   "properties": {
    "SOURCE_FILE": "sagamihara.csv",
    "NAME": "個人",
    "ADDRESS": "相模原市中央区青葉1-2-1",
    "DEPTH_M": "",
    "POS_SOURCE": "原本の座標"
   }
  },
  {
   "type": "Feature",
   "geometry": {
    "type": "Point",
    "coordinates": [
     139.386463,
     35.56641
    ]
   },
   "properties": {
    "SOURCE_FILE": "sagamihara.csv",
    "NAME": "（株）ウェーブプラン",
    "ADDRESS": "相模原市中央区相生1-1-21",
    "DEPTH_M": "",
    "POS_SOURCE": "原本の座標"
   }
  },
  {
   "type": "Feature",
   "geometry": {
    "type": "Point",
    "coordinates": [
     139.329783,
     35.553881
    ]
   },
   "properties": {
    "SOURCE_FILE": "sagamihara.csv",
    "NAME": "個人",
    "ADDRESS": "相模原市中央区田名1784-2",
    "DEPTH_M": "",
    "POS_SOURCE": "原本の座標"
   }
  },
  {
   "type": "Feature",
   "geometry": {
    "type": "Point",
    "coordinates": [
     139.337465,
     35.545913
    ]
   },
   "properties": {
    "SOURCE_FILE": "sagamihara.csv",
    "NAME": "個人",
    "ADDRESS": "相模原市中央区田名5442",
    "DEPTH_M": "",
    "POS_SOURCE": "原本の座標"
   }
  },
  {
   "type": "Feature",
   "geometry": {
    "type": "Point",
    "coordinates": [
     139.414902,
     35.561646
    ]
   },
   "properties": {
    "SOURCE_FILE": "sagamihara.csv",
    "NAME": "龍像寺",
    "ADDRESS": "相模原市中央区東淵野辺3-25-1",
    "DEPTH_M": "",
    "POS_SOURCE": "原本の座標"
   }
  },
  {
   "type": "Feature",
   "geometry": {
    "type": "Point",
    "coordinates": [
     139.348923,
     35.584072
    ]
   },
   "properties": {
    "SOURCE_FILE": "sagamihara.csv",
    "NAME": "（株）竹梅",
    "ADDRESS": "相模原市中央区南橋本2-16-17",
    "DEPTH_M": "",
    "POS_SOURCE": "原本の座標"
   }
  },
  {
   "type": "Feature",
   "geometry": {
    "type": "Point",
    "coordinates": [
     139.408259,
     35.571177
    ]
   },
   "properties": {
    "SOURCE_FILE": "sagamihara.csv",
    "NAME": "（有）中淵ゴルフクラブ",
    "ADDRESS": "相模原市中央区淵野辺本町3-39-29",
    "DEPTH_M": "",
    "POS_SOURCE": "原本の座標"
   }
  },
  {
   "type": "Feature",
   "geometry": {
    "type": "Point",
    "coordinates": [
     139.381399,
     35.546271
    ]
   },
   "properties": {
    "SOURCE_FILE": "sagamihara.csv",
    "NAME": "個人",
    "ADDRESS": "相模原市中央区緑が丘1-26-13",
    "DEPTH_M": "",
    "POS_SOURCE": "原本の座標"
   }
  },
  {
   "type": "Feature",
   "geometry": {
    "type": "Point",
    "coordinates": [
     139.390915,
     35.507999
    ]
   },
   "properties": {
    "SOURCE_FILE": "sagamihara.csv",
    "NAME": "個人",
    "ADDRESS": "相模原市南区磯部1726",
    "DEPTH_M": "",
    "POS_SOURCE": "原本の座標"
   }
  },
  {
   "type": "Feature",
   "geometry": {
    "type": "Point",
    "coordinates": [
     139.390701,
     35.507595
    ]
   },
   "properties": {
    "SOURCE_FILE": "sagamihara.csv",
    "NAME": "（有）山口水道",
    "ADDRESS": "相模原市南区磯部1732",
    "DEPTH_M": "",
    "POS_SOURCE": "原本の座標"
   }
  },
  {
   "type": "Feature",
   "geometry": {
    "type": "Point",
    "coordinates": [
     139.38974,
     35.50634
    ]
   },
   "properties": {
    "SOURCE_FILE": "sagamihara.csv",
    "NAME": "個人",
    "ADDRESS": "相模原市南区磯部1744",
    "DEPTH_M": "",
    "POS_SOURCE": "原本の座標"
   }
  },
  {
   "type": "Feature",
   "geometry": {
    "type": "Point",
    "coordinates": [
     139.38945,
     35.509354
    ]
   },
   "properties": {
    "SOURCE_FILE": "sagamihara.csv",
    "NAME": "（有）藤曲牧場",
    "ADDRESS": "相模原市南区磯部1798",
    "DEPTH_M": "",
    "POS_SOURCE": "原本の座標"
   }
  },
  {
   "type": "Feature",
   "geometry": {
    "type": "Point",
    "coordinates": [
     139.377792,
     35.522369
    ]
   },
   "properties": {
    "SOURCE_FILE": "sagamihara.csv",
    "NAME": "（株）クライムエヌシーデー",
    "ADDRESS": "相模原市南区下溝1096",
    "DEPTH_M": "",
    "POS_SOURCE": "原本の座標"
   }
  },
  {
   "type": "Feature",
   "geometry": {
    "type": "Point",
    "coordinates": [
     139.383183,
     35.522176
    ]
   },
   "properties": {
    "SOURCE_FILE": "sagamihara.csv",
    "NAME": "個人",
    "ADDRESS": "相模原市南区下溝1695-1",
    "DEPTH_M": "",
    "POS_SOURCE": "原本の座標"
   }
  },
  {
   "type": "Feature",
   "geometry": {
    "type": "Point",
    "coordinates": [
     139.382013,
     35.542194
    ]
   },
   "properties": {
    "SOURCE_FILE": "sagamihara.csv",
    "NAME": "個人",
    "ADDRESS": "相模原市南区下溝2350-1",
    "DEPTH_M": "",
    "POS_SOURCE": "原本の座標"
   }
  },
  {
   "type": "Feature",
   "geometry": {
    "type": "Point",
    "coordinates": [
     139.384446,
     35.540145
    ]
   },
   "properties": {
    "SOURCE_FILE": "sagamihara.csv",
    "NAME": "（株）大宗　相模原営業所",
    "ADDRESS": "相模原市南区下溝3106-1",
    "DEPTH_M": "",
    "POS_SOURCE": "原本の座標"
   }
  },
  {
   "type": "Feature",
   "geometry": {
    "type": "Point",
    "coordinates": [
     139.444356,
     35.540843
    ]
   },
   "properties": {
    "SOURCE_FILE": "sagamihara.csv",
    "NAME": "町田商事（株）",
    "ADDRESS": "相模原市南区上鶴間本町3-11-20",
    "DEPTH_M": "",
    "POS_SOURCE": "原本の座標"
   }
  },
  {
   "type": "Feature",
   "geometry": {
    "type": "Point",
    "coordinates": [
     139.44486,
     35.54073
    ]
   },
   "properties": {
    "SOURCE_FILE": "sagamihara.csv",
    "NAME": "（有）エミ",
    "ADDRESS": "相模原市南区上鶴間本町3-15-1",
    "DEPTH_M": "",
    "POS_SOURCE": "原本の座標"
   }
  },
  {
   "type": "Feature",
   "geometry": {
    "type": "Point",
    "coordinates": [
     139.445064,
     35.540747
    ]
   },
   "properties": {
    "SOURCE_FILE": "sagamihara.csv",
    "NAME": "大日観光（株）",
    "ADDRESS": "相模原市南区上鶴間本町3-15-3",
    "DEPTH_M": "",
    "POS_SOURCE": "原本の座標"
   }
  },
  {
   "type": "Feature",
   "geometry": {
    "type": "Point",
    "coordinates": [
     139.445161,
     35.540765
    ]
   },
   "properties": {
    "SOURCE_FILE": "sagamihara.csv",
    "NAME": "（有）エミ",
    "ADDRESS": "相模原市南区上鶴間本町3-15-4",
    "DEPTH_M": "",
    "POS_SOURCE": "原本の座標"
   }
  },
  {
   "type": "Feature",
   "geometry": {
    "type": "Point",
    "coordinates": [
     139.44501,
     35.541515
    ]
   },
   "properties": {
    "SOURCE_FILE": "sagamihara.csv",
    "NAME": "（株）竹梅",
    "ADDRESS": "相模原市南区上鶴間本町3-20-1",
    "DEPTH_M": "",
    "POS_SOURCE": "原本の座標"
   }
  },
  {
   "type": "Feature",
   "geometry": {
    "type": "Point",
    "coordinates": [
     139.449707,
     35.53207
    ]
   },
   "properties": {
    "SOURCE_FILE": "sagamihara.csv",
    "NAME": "個人",
    "ADDRESS": "相模原市南区上鶴間本町5-24-48",
    "DEPTH_M": "",
    "POS_SOURCE": "原本の座標"
   }
  },
  {
   "type": "Feature",
   "geometry": {
    "type": "Point",
    "coordinates": [
     139.449905,
     35.531593
    ]
   },
   "properties": {
    "SOURCE_FILE": "sagamihara.csv",
    "NAME": "個人",
    "ADDRESS": "相模原市南区上鶴間本町5-26-39",
    "DEPTH_M": "",
    "POS_SOURCE": "原本の座標"
   }
  },
  {
   "type": "Feature",
   "geometry": {
    "type": "Point",
    "coordinates": [
     139.451034,
     35.531532
    ]
   },
   "properties": {
    "SOURCE_FILE": "sagamihara.csv",
    "NAME": "個人",
    "ADDRESS": "相模原市南区上鶴間本町5-28-16",
    "DEPTH_M": "",
    "POS_SOURCE": "原本の座標"
   }
  },
  {
   "type": "Feature",
   "geometry": {
    "type": "Point",
    "coordinates": [
     139.449799,
     35.531387
    ]
   },
   "properties": {
    "SOURCE_FILE": "sagamihara.csv",
    "NAME": "個人",
    "ADDRESS": "相模原市南区上鶴間本町5-28-58",
    "DEPTH_M": "",
    "POS_SOURCE": "原本の座標"
   }
  },
  {
   "type": "Feature",
   "geometry": {
    "type": "Point",
    "coordinates": [
     139.448334,
     35.530537
    ]
   },
   "properties": {
    "SOURCE_FILE": "sagamihara.csv",
    "NAME": "個人",
    "ADDRESS": "相模原市南区上鶴間本町6-26-20",
    "DEPTH_M": "",
    "POS_SOURCE": "原本の座標"
   }
  },
  {
   "type": "Feature",
   "geometry": {
    "type": "Point",
    "coordinates": [
     139.448868,
     35.53093
    ]
   },
   "properties": {
    "SOURCE_FILE": "sagamihara.csv",
    "NAME": "個人",
    "ADDRESS": "相模原市南区上鶴間本町6-27-8",
    "DEPTH_M": "",
    "POS_SOURCE": "原本の座標"
   }
  },
  {
   "type": "Feature",
   "geometry": {
    "type": "Point",
    "coordinates": [
     139.44931,
     35.530132
    ]
   },
   "properties": {
    "SOURCE_FILE": "sagamihara.csv",
    "NAME": "個人",
    "ADDRESS": "相模原市南区上鶴間本町7-9-8",
    "DEPTH_M": "",
    "POS_SOURCE": "原本の座標"
   }
  },
  {
   "type": "Feature",
   "geometry": {
    "type": "Point",
    "coordinates": [
     139.402961,
     35.516655
    ]
   },
   "properties": {
    "SOURCE_FILE": "sagamihara.csv",
    "NAME": "(株）相建開発",
    "ADDRESS": "相模原市南区新磯野2040",
    "DEPTH_M": "",
    "POS_SOURCE": "原本の座標"
   }
  },
  {
   "type": "Feature",
   "geometry": {
    "type": "Point",
    "coordinates": [
     139.420441,
     35.548368
    ]
   },
   "properties": {
    "SOURCE_FILE": "sagamihara.csv",
    "NAME": "個人",
    "ADDRESS": "相模原市南区東大沼1-12-5",
    "DEPTH_M": "",
    "POS_SOURCE": "原本の座標"
   }
  },
  {
   "type": "Feature",
   "geometry": {
    "type": "Point",
    "coordinates": [
     139.365967,
     35.528851
    ]
   },
   "properties": {
    "SOURCE_FILE": "sagamihara.csv",
    "NAME": "無量光寺",
    "ADDRESS": "相模原市南区当麻578",
    "DEPTH_M": "",
    "POS_SOURCE": "原本の座標"
   }
  },
  {
   "type": "Feature",
   "geometry": {
    "type": "Point",
    "coordinates": [
     139.365968,
     35.528839
    ]
   },
   "properties": {
    "SOURCE_FILE": "sagamihara.csv",
    "NAME": "無量光寺",
    "ADDRESS": "相模原市南区当麻578",
    "DEPTH_M": "",
    "POS_SOURCE": "原本の座標"
   }
  },
  {
   "type": "Feature",
   "geometry": {
    "type": "Point",
    "coordinates": [
     139.420978,
     35.516736
    ]
   },
   "properties": {
    "SOURCE_FILE": "sagamihara.csv",
    "NAME": "（株）能登",
    "ADDRESS": "相模原市南区南台5-10-5",
    "DEPTH_M": "",
    "POS_SOURCE": "原本の座標"
   }
  },
  {
   "type": "Feature",
   "geometry": {
    "type": "Point",
    "coordinates": [
     139.428389,
     35.538805
    ]
   },
   "properties": {
    "SOURCE_FILE": "sagamihara.csv",
    "NAME": "ののはな文京保育園",
    "ADDRESS": "相模原市南区文京1-6-5",
    "DEPTH_M": "",
    "POS_SOURCE": "原本の座標"
   }
  },
  {
   "type": "Feature",
   "geometry": {
    "type": "Point",
    "coordinates": [
     139.401559,
     35.537325
    ]
   },
   "properties": {
    "SOURCE_FILE": "sagamihara.csv",
    "NAME": "（有）晃商事",
    "ADDRESS": "相模原市南区麻溝台1-5-3",
    "DEPTH_M": "",
    "POS_SOURCE": "原本の座標"
   }
  },
  {
   "type": "Feature",
   "geometry": {
    "type": "Point",
    "coordinates": [
     139.397892,
     35.525027
    ]
   },
   "properties": {
    "SOURCE_FILE": "sagamihara.csv",
    "NAME": "共同電気工業（株）",
    "ADDRESS": "相模原市南区麻溝台2996",
    "DEPTH_M": "",
    "POS_SOURCE": "原本の座標"
   }
  },
  {
   "type": "Feature",
   "geometry": {
    "type": "Point",
    "coordinates": [
     139.258371,
     35.582941
    ]
   },
   "properties": {
    "SOURCE_FILE": "sagamihara.csv",
    "NAME": "中野神社",
    "ADDRESS": "相模原市緑区中野577-4",
    "DEPTH_M": "",
    "POS_SOURCE": "原本の座標"
   }
  },
  {
   "type": "Feature",
   "geometry": {
    "type": "Point",
    "coordinates": [
     139.337143,
     35.539462
    ]
   },
   "properties": {
    "SOURCE_FILE": "sagamihara.csv",
    "NAME": "個人",
    "ADDRESS": "相模原市中央区田名5737",
    "DEPTH_M": "",
    "POS_SOURCE": "原本の座標"
   }
  },
  {
   "type": "Feature",
   "geometry": {
    "type": "Point",
    "coordinates": [
     139.436694,
     35.539093
    ]
   },
   "properties": {
    "SOURCE_FILE": "sagamihara.csv",
    "NAME": "個人",
    "ADDRESS": "相模原市南区上鶴間本町1-5-15",
    "DEPTH_M": "",
    "POS_SOURCE": "原本の座標"
   }
  },
  {
   "type": "Feature",
   "geometry": {
    "type": "Point",
    "coordinates": [
     139.437644,
     35.539346
    ]
   },
   "properties": {
    "SOURCE_FILE": "sagamihara.csv",
    "NAME": "渋谷ぶどう園",
    "ADDRESS": "相模原市南区上鶴間本町1-10-10",
    "DEPTH_M": "",
    "POS_SOURCE": "原本の座標"
   }
  },
  {
   "type": "Feature",
   "geometry": {
    "type": "Point",
    "coordinates": [
     139.438044,
     35.537441
    ]
   },
   "properties": {
    "SOURCE_FILE": "sagamihara.csv",
    "NAME": "個人",
    "ADDRESS": "相模原市南区上鶴間本町1-32-15",
    "DEPTH_M": "",
    "POS_SOURCE": "原本の座標"
   }
  },
  {
   "type": "Feature",
   "geometry": {
    "type": "Point",
    "coordinates": [
     139.441208,
     35.541101
    ]
   },
   "properties": {
    "SOURCE_FILE": "sagamihara.csv",
    "NAME": "個人",
    "ADDRESS": "相模原市南区上鶴間本町2-18-28",
    "DEPTH_M": "",
    "POS_SOURCE": "原本の座標"
   }
  },
  {
   "type": "Feature",
   "geometry": {
    "type": "Point",
    "coordinates": [
     139.328059,
     35.580532
    ]
   },
   "properties": {
    "SOURCE_FILE": "sagamihara.csv",
    "NAME": "個人",
    "ADDRESS": "相模原市緑区上九沢203",
    "DEPTH_M": "",
    "POS_SOURCE": "原本の座標"
   }
  },
  {
   "type": "Feature",
   "geometry": {
    "type": "Point",
    "coordinates": [
     139.35109,
     35.564838
    ]
   },
   "properties": {
    "SOURCE_FILE": "sagamihara.csv",
    "NAME": "個人",
    "ADDRESS": "相模原市中央区上溝1-4-36",
    "DEPTH_M": "",
    "POS_SOURCE": "原本の座標"
   }
  },
  {
   "type": "Feature",
   "geometry": {
    "type": "Point",
    "coordinates": [
     139.303016,
     35.601983
    ]
   },
   "properties": {
    "SOURCE_FILE": "sagamihara.csv",
    "NAME": "個人",
    "ADDRESS": "相模原市緑区町屋4-10-14",
    "DEPTH_M": "",
    "POS_SOURCE": "原本の座標"
   }
  },
  {
   "type": "Feature",
   "geometry": {
    "type": "Point",
    "coordinates": [
     139.645828,
     35.760963
    ]
   },
   "properties": {
    "SOURCE_FILE": "nerima_bousai.csv",
    "NAME": "田柄町水道利用組合 3号",
    "ADDRESS": "東京都練馬区田柄1-10-12",
    "DEPTH_M": "",
    "POS_SOURCE": "住所からジオコーディング"
   }
  },
  {
   "type": "Feature",
   "geometry": {
    "type": "Point",
    "coordinates": [
     139.643326,
     35.765213
    ]
   },
   "properties": {
    "SOURCE_FILE": "nerima_bousai.csv",
    "NAME": "田柄町水道利用組合 1号",
    "ADDRESS": "東京都練馬区田柄2-18-2",
    "DEPTH_M": "",
    "POS_SOURCE": "住所からジオコーディング"
   }
  },
  {
   "type": "Feature",
   "geometry": {
    "type": "Point",
    "coordinates": [
     139.635345,
     35.756683
    ]
   },
   "properties": {
    "SOURCE_FILE": "nerima_bousai.csv",
    "NAME": "田柄町水道利用組合 6号",
    "ADDRESS": "東京都練馬区田柄5-9",
    "DEPTH_M": "",
    "POS_SOURCE": "住所からジオコーディング"
   }
  },
  {
   "type": "Feature",
   "geometry": {
    "type": "Point",
    "coordinates": [
     139.589951,
     35.754265
    ]
   },
   "properties": {
    "SOURCE_FILE": "nerima_bousai.csv",
    "NAME": "大泉名水会",
    "ADDRESS": "東京都練馬区東大泉3-38-13",
    "DEPTH_M": "",
    "POS_SOURCE": "住所からジオコーディング"
   }
  },
  {
   "type": "Feature",
   "geometry": {
    "type": "Point",
    "coordinates": [
     139.582245,
     35.746735
    ]
   },
   "properties": {
    "SOURCE_FILE": "nerima_bousai.csv",
    "NAME": "一六八会",
    "ADDRESS": "東京都練馬区東大泉6-42",
    "DEPTH_M": "",
    "POS_SOURCE": "住所からジオコーディング"
   }
  },
  {
   "type": "Feature",
   "geometry": {
    "type": "Point",
    "coordinates": [
     139.665634,
     35.757408
    ]
   },
   "properties": {
    "SOURCE_FILE": "nerima_bousai.csv",
    "NAME": "仲町台防災井戸",
    "ADDRESS": "東京都練馬区平和台1-21-7",
    "DEPTH_M": "",
    "POS_SOURCE": "住所からジオコーディング"
   }
  },
  {
   "type": "Feature",
   "geometry": {
    "type": "Point",
    "coordinates": [
     139.573105,
     35.720112
    ]
   },
   "properties": {
    "SOURCE_FILE": "nerima_bousai.csv",
    "NAME": "慈雲堂病院",
    "ADDRESS": "東京都練馬区関町南4-14-53",
    "DEPTH_M": "",
    "POS_SOURCE": "住所からジオコーディング"
   }
  },
  {
   "type": "Feature",
   "geometry": {
    "type": "Point",
    "coordinates": [
     139.606674,
     35.736923
    ]
   },
   "properties": {
    "SOURCE_FILE": "nerima_bousai.csv",
    "NAME": "豊島橋町会水道部",
    "ADDRESS": "東京都練馬区下石神井3-34",
    "DEPTH_M": "",
    "POS_SOURCE": "住所からジオコーディング"
   }
  },
  {
   "type": "Feature",
   "geometry": {
    "type": "Point",
    "coordinates": [
     139.644913,
     35.74403
    ]
   },
   "properties": {
    "SOURCE_FILE": "nerima_bousai.csv",
    "NAME": "豊島園",
    "ADDRESS": "東京都練馬区向山3-25-1",
    "DEPTH_M": "",
    "POS_SOURCE": "住所からジオコーディング"
   }
  },
  {
   "type": "Feature",
   "geometry": {
    "type": "Point",
    "coordinates": [
     139.603409,
     35.758301
    ]
   },
   "properties": {
    "SOURCE_FILE": "nerima_bousai.csv",
    "NAME": "土支田3丁目防災井戸",
    "ADDRESS": "東京都練馬区土支田3-19-17",
    "DEPTH_M": "",
    "POS_SOURCE": "住所からジオコーディング"
   }
  },
  {
   "type": "Feature",
   "geometry": {
    "type": "Point",
    "coordinates": [
     139.612579,
     35.742146
    ]
   },
   "properties": {
    "SOURCE_FILE": "nerima_bousai.csv",
    "NAME": "石神井町1丁目防災井戸",
    "ADDRESS": "東京都練馬区石神井町1-11-32",
    "DEPTH_M": "",
    "POS_SOURCE": "住所からジオコーディング"
   }
  },
  {
   "type": "Feature",
   "geometry": {
    "type": "Point",
    "coordinates": [
     139.590378,
     35.743694
    ]
   },
   "properties": {
    "SOURCE_FILE": "nerima_bousai.csv",
    "NAME": "石神井台3丁目防災井戸",
    "ADDRESS": "東京都練馬区石神井台3-24-37",
    "DEPTH_M": "",
    "POS_SOURCE": "住所からジオコーディング"
   }
  },
  {
   "type": "Feature",
   "geometry": {
    "type": "Point",
    "coordinates": [
     139.671051,
     35.745304
    ]
   },
   "properties": {
    "SOURCE_FILE": "nerima_bousai.csv",
    "NAME": "ぶどうの木保育園",
    "ADDRESS": "東京都練馬区羽沢2-12-9",
    "DEPTH_M": "",
    "POS_SOURCE": "住所からジオコーディング"
   }
  },
  {
   "type": "Feature",
   "geometry": {
    "type": "Point",
    "coordinates": [
     139.624985,
     35.776695
    ]
   },
   "properties": {
    "SOURCE_FILE": "nerima_bousai.csv",
    "NAME": "アカオアルミ株式会社",
    "ADDRESS": "東京都練馬区旭町3-33-1",
    "DEPTH_M": "",
    "POS_SOURCE": "住所からジオコーディング"
   }
  },
  {
   "type": "Feature",
   "geometry": {
    "type": "Point",
    "coordinates": [
     139.661392,
     35.737015
    ]
   },
   "properties": {
    "SOURCE_FILE": "nerima_bousai.csv",
    "NAME": "中新井公園",
    "ADDRESS": "東京都練馬区豊玉上2-18-1",
    "DEPTH_M": "",
    "POS_SOURCE": "住所からジオコーディング"
   }
  },
  {
   "type": "Feature",
   "geometry": {
    "type": "Point",
    "coordinates": [
     139.661758,
     35.747654
    ]
   },
   "properties": {
    "SOURCE_FILE": "nerima_bousai.csv",
    "NAME": "桜台6丁目防災井戸",
    "ADDRESS": "東京都練馬区桜台6-6-8",
    "DEPTH_M": "",
    "POS_SOURCE": "住所からジオコーディング"
   }
  },
  {
   "type": "Feature",
   "geometry": {
    "type": "Point",
    "coordinates": [
     139.651672,
     35.73571
    ]
   },
   "properties": {
    "SOURCE_FILE": "nerima_bousai.csv",
    "NAME": "練馬区役所",
    "ADDRESS": "東京都練馬区豊玉北6-12-1",
    "DEPTH_M": "",
    "POS_SOURCE": "住所からジオコーディング"
   }
  },
  {
   "type": "Feature",
   "geometry": {
    "type": "Point",
    "coordinates": [
     139.569931,
     35.7281
    ]
   },
   "properties": {
    "SOURCE_FILE": "nerima_bousai.csv",
    "NAME": "武蔵関公園",
    "ADDRESS": "東京都練馬区関町北3-45-1",
    "DEPTH_M": "",
    "POS_SOURCE": "住所からジオコーディング"
   }
  },
  {
   "type": "Feature",
   "geometry": {
    "type": "Point",
    "coordinates": [
     139.671967,
     35.759289
    ]
   },
   "properties": {
    "SOURCE_FILE": "nerima_bousai.csv",
    "NAME": "仲一防災井戸",
    "ADDRESS": "東京都練馬区錦1-7",
    "DEPTH_M": "",
    "POS_SOURCE": "住所からジオコーディング"
   }
  },
  {
   "type": "Feature",
   "geometry": {
    "type": "Point",
    "coordinates": [
     139.605942,
     35.740486
    ]
   },
   "properties": {
    "SOURCE_FILE": "nerima_bousai.csv",
    "NAME": "石神井公園",
    "ADDRESS": "東京都練馬区石神井町5-21",
    "DEPTH_M": "",
    "POS_SOURCE": "住所からジオコーディング"
   }
  },
  {
   "type": "Feature",
   "geometry": {
    "type": "Point",
    "coordinates": [
     139.646133,
     35.732807
    ]
   },
   "properties": {
    "SOURCE_FILE": "nerima_bousai.csv",
    "NAME": "中村かしわ公園",
    "ADDRESS": "東京都練馬区中村1-17",
    "DEPTH_M": "",
    "POS_SOURCE": "住所からジオコーディング"
   }
  },
  {
   "type": "Feature",
   "geometry": {
    "type": "Point",
    "coordinates": [
     139.569077,
     35.725071
    ]
   },
   "properties": {
    "SOURCE_FILE": "nerima_bousai.csv",
    "NAME": "関町北3丁目防災井戸",
    "ADDRESS": "東京都練馬区関町北3-14",
    "DEPTH_M": "",
    "POS_SOURCE": "住所からジオコーディング"
   }
  },
  {
   "type": "Feature",
   "geometry": {
    "type": "Point",
    "coordinates": [
     139.676498,
     35.735882
    ]
   },
   "properties": {
    "SOURCE_FILE": "nerima_bousai.csv",
    "NAME": "旭丘２丁目防災井戸",
    "ADDRESS": "東京都練馬区旭丘2-19-8",
    "DEPTH_M": "",
    "POS_SOURCE": "住所からジオコーディング"
   }
  },
  {
   "type": "Feature",
   "geometry": {
    "type": "Point",
    "coordinates": [
     139.678268,
     35.736691
    ]
   },
   "properties": {
    "SOURCE_FILE": "nerima_gakkou.csv",
    "NAME": "旭丘小学校",
    "ADDRESS": "東京都練馬区旭丘2-21-1",
    "DEPTH_M": "",
    "POS_SOURCE": "住所からジオコーディング"
   }
  },
  {
   "type": "Feature",
   "geometry": {
    "type": "Point",
    "coordinates": [
     139.67952,
     35.744236
    ]
   },
   "properties": {
    "SOURCE_FILE": "nerima_gakkou.csv",
    "NAME": "小竹小学校",
    "ADDRESS": "東京都練馬区小竹町2-6-7",
    "DEPTH_M": "",
    "POS_SOURCE": "住所からジオコーディング"
   }
  },
  {
   "type": "Feature",
   "geometry": {
    "type": "Point",
    "coordinates": [
     139.65181,
     35.733047
    ]
   },
   "properties": {
    "SOURCE_FILE": "nerima_gakkou.csv",
    "NAME": "豊玉小学校",
    "ADDRESS": "東京都練馬区豊玉中4-2-20",
    "DEPTH_M": "",
    "POS_SOURCE": "住所からジオコーディング"
   }
  },
  {
   "type": "Feature",
   "geometry": {
    "type": "Point",
    "coordinates": [
     139.662155,
     35.737255
    ]
   },
   "properties": {
    "SOURCE_FILE": "nerima_gakkou.csv",
    "NAME": "豊玉第二小学校",
    "ADDRESS": "東京都練馬区豊玉上2-16-1",
    "DEPTH_M": "",
    "POS_SOURCE": "住所からジオコーディング"
   }
  },
  {
   "type": "Feature",
   "geometry": {
    "type": "Point",
    "coordinates": [
     139.667786,
     35.73262
    ]
   },
   "properties": {
    "SOURCE_FILE": "nerima_gakkou.csv",
    "NAME": "豊玉東小学校",
    "ADDRESS": "東京都練馬区豊玉北1-16-1",
    "DEPTH_M": "",
    "POS_SOURCE": "住所からジオコーディング"
   }
  },
  {
   "type": "Feature",
   "geometry": {
    "type": "Point",
    "coordinates": [
     139.656845,
     35.727016
    ]
   },
   "properties": {
    "SOURCE_FILE": "nerima_gakkou.csv",
    "NAME": "豊玉南小学校",
    "ADDRESS": "東京都練馬区豊玉南2-14-1",
    "DEPTH_M": "",
    "POS_SOURCE": "住所からジオコーディング"
   }
  },
  {
   "type": "Feature",
   "geometry": {
    "type": "Point",
    "coordinates": [
     139.644455,
     35.730412
    ]
   },
   "properties": {
    "SOURCE_FILE": "nerima_gakkou.csv",
    "NAME": "中村小学校",
    "ADDRESS": "東京都練馬区中村2-8-1",
    "DEPTH_M": "",
    "POS_SOURCE": "住所からジオコーディング"
   }
  },
  {
   "type": "Feature",
   "geometry": {
    "type": "Point",
    "coordinates": [
     139.636002,
     35.733532
    ]
   },
   "properties": {
    "SOURCE_FILE": "nerima_gakkou.csv",
    "NAME": "中村西小学校",
    "ADDRESS": "東京都練馬区中村北4-17-1",
    "DEPTH_M": "",
    "POS_SOURCE": "住所からジオコーディング"
   }
  },
  {
   "type": "Feature",
   "geometry": {
    "type": "Point",
    "coordinates": [
     139.63559,
     35.737728
    ]
   },
   "properties": {
    "SOURCE_FILE": "nerima_gakkou.csv",
    "NAME": "練馬第三小学校",
    "ADDRESS": "東京都練馬区貫井1-36-15",
    "DEPTH_M": "",
    "POS_SOURCE": "住所からジオコーディング"
   }
  },
  {
   "type": "Feature",
   "geometry": {
    "type": "Point",
    "coordinates": [
     139.650635,
     35.752388
    ]
   },
   "properties": {
    "SOURCE_FILE": "nerima_gakkou.csv",
    "NAME": "早宮小学校",
    "ADDRESS": "東京都練馬区早宮4-10-17",
    "DEPTH_M": "",
    "POS_SOURCE": "住所からジオコーディング"
   }
  },
  {
   "type": "Feature",
   "geometry": {
    "type": "Point",
    "coordinates": [
     139.658615,
     35.754749
    ]
   },
   "properties": {
    "SOURCE_FILE": "nerima_gakkou.csv",
    "NAME": "開進第一小学校",
    "ADDRESS": "東京都練馬区早宮2-1-31",
    "DEPTH_M": "",
    "POS_SOURCE": "住所からジオコーディング"
   }
  },
  {
   "type": "Feature",
   "geometry": {
    "type": "Point",
    "coordinates": [
     139.65892,
     35.741852
    ]
   },
   "properties": {
    "SOURCE_FILE": "nerima_gakkou.csv",
    "NAME": "開進第二小学校",
    "ADDRESS": "東京都練馬区桜台5-10-5",
    "DEPTH_M": "",
    "POS_SOURCE": "住所からジオコーディング"
   }
  },
  {
   "type": "Feature",
   "geometry": {
    "type": "Point",
    "coordinates": [
     139.667313,
     35.742596
    ]
   },
   "properties": {
    "SOURCE_FILE": "nerima_gakkou.csv",
    "NAME": "開進第三小学校",
    "ADDRESS": "東京都練馬区桜台2-18-1",
    "DEPTH_M": "",
    "POS_SOURCE": "住所からジオコーディング"
   }
  },
  {
   "type": "Feature",
   "geometry": {
    "type": "Point",
    "coordinates": [
     139.671921,
     35.747818
    ]
   },
   "properties": {
    "SOURCE_FILE": "nerima_gakkou.csv",
    "NAME": "開進第四小学校",
    "ADDRESS": "東京都練馬区羽沢2-33-1",
    "DEPTH_M": "",
    "POS_SOURCE": "住所からジオコーディング"
   }
  },
  {
   "type": "Feature",
   "geometry": {
    "type": "Point",
    "coordinates": [
     139.668259,
     35.758026
    ]
   },
   "properties": {
    "SOURCE_FILE": "nerima_gakkou.csv",
    "NAME": "仲町小学校",
    "ADDRESS": "東京都練馬区氷川台2-18-24",
    "DEPTH_M": "",
    "POS_SOURCE": "住所からジオコーディング"
   }
  },
  {
   "type": "Feature",
   "geometry": {
    "type": "Point",
    "coordinates": [
     139.652832,
     35.740379
    ]
   },
   "properties": {
    "SOURCE_FILE": "nerima_gakkou.csv",
    "NAME": "南町小学校",
    "ADDRESS": "東京都練馬区練馬2-7-5",
    "DEPTH_M": "",
    "POS_SOURCE": "住所からジオコーディング"
   }
  },
  {
   "type": "Feature",
   "geometry": {
    "type": "Point",
    "coordinates": [
     139.663712,
     35.76495
    ]
   },
   "properties": {
    "SOURCE_FILE": "nerima_gakkou.csv",
    "NAME": "北町小学校",
    "ADDRESS": "東京都練馬区北町1-14-11",
    "DEPTH_M": "",
    "POS_SOURCE": "住所からジオコーディング"
   }
  },
  {
   "type": "Feature",
   "geometry": {
    "type": "Point",
    "coordinates": [
     139.6539,
     35.760799
    ]
   },
   "properties": {
    "SOURCE_FILE": "nerima_gakkou.csv",
    "NAME": "北町西小学校",
    "ADDRESS": "東京都練馬区北町7-3-8",
    "DEPTH_M": "",
    "POS_SOURCE": "住所からジオコーディング"
   }
  },
  {
   "type": "Feature",
   "geometry": {
    "type": "Point",
    "coordinates": [
     139.636673,
     35.752296
    ]
   },
   "properties": {
    "SOURCE_FILE": "nerima_gakkou.csv",
    "NAME": "練馬小学校",
    "ADDRESS": "東京都練馬区春日町6-11-36",
    "DEPTH_M": "",
    "POS_SOURCE": "住所からジオコーディング"
   }
  },
  {
   "type": "Feature",
   "geometry": {
    "type": "Point",
    "coordinates": [
     139.633545,
     35.741814
    ]
   },
   "properties": {
    "SOURCE_FILE": "nerima_gakkou.csv",
    "NAME": "練馬第二小学校",
    "ADDRESS": "東京都練馬区貫井2-31-13",
    "DEPTH_M": "",
    "POS_SOURCE": "住所からジオコーディング"
   }
  },
  {
   "type": "Feature",
   "geometry": {
    "type": "Point",
    "coordinates": [
     139.647095,
     35.752213
    ]
   },
   "properties": {
    "SOURCE_FILE": "nerima_gakkou.csv",
    "NAME": "練馬東小学校",
    "ADDRESS": "東京都練馬区春日町1-30-11",
    "DEPTH_M": "",
    "POS_SOURCE": "住所からジオコーディング"
   }
  },
  {
   "type": "Feature",
   "geometry": {
    "type": "Point",
    "coordinates": [
     139.643433,
     35.76646
    ]
   },
   "properties": {
    "SOURCE_FILE": "nerima_gakkou.csv",
    "NAME": "田柄小学校",
    "ADDRESS": "東京都練馬区田柄2-19-19",
    "DEPTH_M": "",
    "POS_SOURCE": "住所からジオコーディング"
   }
  },
  {
   "type": "Feature",
   "geometry": {
    "type": "Point",
    "coordinates": [
     139.642395,
     35.759834
    ]
   },
   "properties": {
    "SOURCE_FILE": "nerima_gakkou.csv",
    "NAME": "田柄第二小学校",
    "ADDRESS": "東京都練馬区田柄1-5-27",
    "DEPTH_M": "",
    "POS_SOURCE": "住所からジオコーディング"
   }
  },
  {
   "type": "Feature",
   "geometry": {
    "type": "Point",
    "coordinates": [
     139.634903,
     35.761654
    ]
   },
   "properties": {
    "SOURCE_FILE": "nerima_gakkou.csv",
    "NAME": "光が丘秋の陽小学校",
    "ADDRESS": "東京都練馬区光が丘2-1-1",
    "DEPTH_M": "",
    "POS_SOURCE": "住所からジオコーディング"
   }
  },
  {
   "type": "Feature",
   "geometry": {
    "type": "Point",
    "coordinates": [
     139.640274,
     35.740234
    ]
   },
   "properties": {
    "SOURCE_FILE": "nerima_gakkou.csv",
    "NAME": "向山小学校",
    "ADDRESS": "東京都練馬区向山2-14-11",
    "DEPTH_M": "",
    "POS_SOURCE": "住所からジオコーディング"
   }
  },
  {
   "type": "Feature",
   "geometry": {
    "type": "Point",
    "coordinates": [
     139.626938,
     35.749596
    ]
   },
   "properties": {
    "SOURCE_FILE": "nerima_gakkou.csv",
    "NAME": "高松小学校",
    "ADDRESS": "東京都練馬区高松3-16-1",
    "DEPTH_M": "",
    "POS_SOURCE": "住所からジオコーディング"
   }
  },
  {
   "type": "Feature",
   "geometry": {
    "type": "Point",
    "coordinates": [
     139.640427,
     35.746334
    ]
   },
   "properties": {
    "SOURCE_FILE": "nerima_gakkou.csv",
    "NAME": "春日小学校",
    "ADDRESS": "東京都練馬区春日町5-12-1",
    "DEPTH_M": "",
    "POS_SOURCE": "住所からジオコーディング"
   }
  },
  {
   "type": "Feature",
   "geometry": {
    "type": "Point",
    "coordinates": [
     139.624908,
     35.761433
    ]
   },
   "properties": {
    "SOURCE_FILE": "nerima_gakkou.csv",
    "NAME": "光が丘四季の香小学校",
    "ADDRESS": "東京都練馬区高松5-24-1",
    "DEPTH_M": "",
    "POS_SOURCE": "住所からジオコーディング"
   }
  },
  {
   "type": "Feature",
   "geometry": {
    "type": "Point",
    "coordinates": [
     139.622818,
     35.7593
    ]
   },
   "properties": {
    "SOURCE_FILE": "nerima_gakkou.csv",
    "NAME": "防災学習センター",
    "ADDRESS": "東京都練馬区光が丘6-4-1",
    "DEPTH_M": "",
    "POS_SOURCE": "住所からジオコーディング"
   }
  },
  {
   "type": "Feature",
   "geometry": {
    "type": "Point",
    "coordinates": [
     139.623795,
     35.754204
    ]
   },
   "properties": {
    "SOURCE_FILE": "nerima_gakkou.csv",
    "NAME": "アオバジャパン・インターナショナルスクール",
    "ADDRESS": "東京都練馬区光が丘7-5-1",
    "DEPTH_M": "",
    "POS_SOURCE": "住所からジオコーディング"
   }
  },
  {
   "type": "Feature",
   "geometry": {
    "type": "Point",
    "coordinates": [
     139.625946,
     35.755501
    ]
   },
   "properties": {
    "SOURCE_FILE": "nerima_gakkou.csv",
    "NAME": "光が丘春の風小学校",
    "ADDRESS": "東京都練馬区光が丘7-2-1",
    "DEPTH_M": "",
    "POS_SOURCE": "住所からジオコーディング"
   }
  },
  {
   "type": "Feature",
   "geometry": {
    "type": "Point",
    "coordinates": [
     139.630875,
     35.754181
    ]
   },
   "properties": {
    "SOURCE_FILE": "nerima_gakkou.csv",
    "NAME": "こども発達支援センター",
    "ADDRESS": "東京都練馬区光が丘3-1-1",
    "DEPTH_M": "",
    "POS_SOURCE": "住所からジオコーディング"
   }
  },
  {
   "type": "Feature",
   "geometry": {
    "type": "Point",
    "coordinates": [
     139.631439,
     35.757088
    ]
   },
   "properties": {
    "SOURCE_FILE": "nerima_gakkou.csv",
    "NAME": "光が丘夏の雲小学校",
    "ADDRESS": "東京都練馬区光が丘3-6-1",
    "DEPTH_M": "",
    "POS_SOURCE": "住所からジオコーディング"
   }
  },
  {
   "type": "Feature",
   "geometry": {
    "type": "Point",
    "coordinates": [
     139.632278,
     35.761406
    ]
   },
   "properties": {
    "SOURCE_FILE": "nerima_gakkou.csv",
    "NAME": "旧光が丘第七小学校",
    "ADDRESS": "東京都練馬区光が丘2-6-1",
    "DEPTH_M": "",
    "POS_SOURCE": "住所からジオコーディング"
   }
  },
  {
   "type": "Feature",
   "geometry": {
    "type": "Point",
    "coordinates": [
     139.637604,
     35.76815
    ]
   },
   "properties": {
    "SOURCE_FILE": "nerima_gakkou.csv",
    "NAME": "光が丘第八小学校",
    "ADDRESS": "東京都練馬区光が丘1-4-1",
    "DEPTH_M": "",
    "POS_SOURCE": "住所からジオコーディング"
   }
  },
  {
   "type": "Feature",
   "geometry": {
    "type": "Point",
    "coordinates": [
     139.620743,
     35.737217
    ]
   },
   "properties": {
    "SOURCE_FILE": "nerima_gakkou.csv",
    "NAME": "石神井東小学校",
    "ADDRESS": "東京都練馬区南田中3-9-1",
    "DEPTH_M": "",
    "POS_SOURCE": "住所からジオコーディング"
   }
  },
  {
   "type": "Feature",
   "geometry": {
    "type": "Point",
    "coordinates": [
     139.605209,
     35.731758
    ]
   },
   "properties": {
    "SOURCE_FILE": "nerima_gakkou.csv",
    "NAME": "下石神井小学校",
    "ADDRESS": "東京都練馬区下石神井2-20-18",
    "DEPTH_M": "",
    "POS_SOURCE": "住所からジオコーディング"
   }
  },
  {
   "type": "Feature",
   "geometry": {
    "type": "Point",
    "coordinates": [
     139.60788,
     35.746273
    ]
   },
   "properties": {
    "SOURCE_FILE": "nerima_gakkou.csv",
    "NAME": "光和小学校",
    "ADDRESS": "東京都練馬区石神井町2-16-34",
    "DEPTH_M": "",
    "POS_SOURCE": "住所からジオコーディング"
   }
  },
  {
   "type": "Feature",
   "geometry": {
    "type": "Point",
    "coordinates": [
     139.614609,
     35.750767
    ]
   },
   "properties": {
    "SOURCE_FILE": "nerima_gakkou.csv",
    "NAME": "谷原小学校",
    "ADDRESS": "東京都練馬区谷原2-9-26",
    "DEPTH_M": "",
    "POS_SOURCE": "住所からジオコーディング"
   }
  },
  {
   "type": "Feature",
   "geometry": {
    "type": "Point",
    "coordinates": [
     139.6138,
     35.754864
    ]
   },
   "properties": {
    "SOURCE_FILE": "nerima_gakkou.csv",
    "NAME": "北原小学校",
    "ADDRESS": "東京都練馬区谷原4-9-1",
    "DEPTH_M": "",
    "POS_SOURCE": "住所からジオコーディング"
   }
  },
  {
   "type": "Feature",
   "geometry": {
    "type": "Point",
    "coordinates": [
     139.611389,
     35.736404
    ]
   },
   "properties": {
    "SOURCE_FILE": "nerima_gakkou.csv",
    "NAME": "南田中小学校",
    "ADDRESS": "東京都練馬区南田中5-15-37",
    "DEPTH_M": "",
    "POS_SOURCE": "住所からジオコーディング"
   }
  },
  {
   "type": "Feature",
   "geometry": {
    "type": "Point",
    "coordinates": [
     139.617523,
     35.733818
    ]
   },
   "properties": {
    "SOURCE_FILE": "nerima_gakkou.csv",
    "NAME": "南が丘小学校",
    "ADDRESS": "東京都練馬区南田中2-13-1",
    "DEPTH_M": "",
    "POS_SOURCE": "住所からジオコーディング"
   }
  },
  {
   "type": "Feature",
   "geometry": {
    "type": "Point",
    "coordinates": [
     139.622833,
     35.744606
    ]
   },
   "properties": {
    "SOURCE_FILE": "nerima_gakkou.csv",
    "NAME": "富士見台小学校",
    "ADDRESS": "東京都練馬区富士見台4-16-10",
    "DEPTH_M": "",
    "POS_SOURCE": "住所からジオコーディング"
   }
  },
  {
   "type": "Feature",
   "geometry": {
    "type": "Point",
    "coordinates": [
     139.599258,
     35.735813
    ]
   },
   "properties": {
    "SOURCE_FILE": "nerima_gakkou.csv",
    "NAME": "石神井小学校",
    "ADDRESS": "東京都練馬区石神井台1-1-25",
    "DEPTH_M": "",
    "POS_SOURCE": "住所からジオコーディング"
   }
  },
  {
   "type": "Feature",
   "geometry": {
    "type": "Point",
    "coordinates": [
     139.58075,
     35.723335
    ]
   },
   "properties": {
    "SOURCE_FILE": "nerima_gakkou.csv",
    "NAME": "石神井西小学校",
    "ADDRESS": "東京都練馬区関町北1-1-5",
    "DEPTH_M": "",
    "POS_SOURCE": "住所からジオコーディング"
   }
  },
  {
   "type": "Feature",
   "geometry": {
    "type": "Point",
    "coordinates": [
     139.581543,
     35.735023
    ]
   },
   "properties": {
    "SOURCE_FILE": "nerima_gakkou.csv",
    "NAME": "石神井台小学校",
    "ADDRESS": "東京都練馬区石神井台8-6-33",
    "DEPTH_M": "",
    "POS_SOURCE": "住所からジオコーディング"
   }
  },
  {
   "type": "Feature",
   "geometry": {
    "type": "Point",
    "coordinates": [
     139.588776,
     35.727825
    ]
   },
   "properties": {
    "SOURCE_FILE": "nerima_gakkou.csv",
    "NAME": "上石神井小学校",
    "ADDRESS": "東京都練馬区上石神井4-10-9",
    "DEPTH_M": "",
    "POS_SOURCE": "住所からジオコーディング"
   }
  },
  {
   "type": "Feature",
   "geometry": {
    "type": "Point",
    "coordinates": [
     139.589417,
     35.735535
    ]
   },
   "properties": {
    "SOURCE_FILE": "nerima_gakkou.csv",
    "NAME": "上石神井北小学校",
    "ADDRESS": "東京都練馬区石神井台5-1-32",
    "DEPTH_M": "",
    "POS_SOURCE": "住所からジオコーディング"
   }
  },
  {
   "type": "Feature",
   "geometry": {
    "type": "Point",
    "coordinates": [
     139.580429,
     35.718372
    ]
   },
   "properties": {
    "SOURCE_FILE": "nerima_gakkou.csv",
    "NAME": "立野小学校",
    "ADDRESS": "東京都練馬区立野町17-13",
    "DEPTH_M": "",
    "POS_SOURCE": "住所からジオコーディング"
   }
  },
  {
   "type": "Feature",
   "geometry": {
    "type": "Point",
    "coordinates": [
     139.572449,
     35.724903
    ]
   },
   "properties": {
    "SOURCE_FILE": "nerima_gakkou.csv",
    "NAME": "関町小学校",
    "ADDRESS": "東京都練馬区関町北3-23-34",
    "DEPTH_M": "",
    "POS_SOURCE": "住所からジオコーディング"
   }
  },
  {
   "type": "Feature",
   "geometry": {
    "type": "Point",
    "coordinates": [
     139.574356,
     35.732471
    ]
   },
   "properties": {
    "SOURCE_FILE": "nerima_gakkou.csv",
    "NAME": "関町北小学校",
    "ADDRESS": "東京都練馬区関町北5-13-40",
    "DEPTH_M": "",
    "POS_SOURCE": "住所からジオコーディング"
   }
  },
  {
   "type": "Feature",
   "geometry": {
    "type": "Point",
    "coordinates": [
     139.615814,
     35.763412
    ]
   },
   "properties": {
    "SOURCE_FILE": "nerima_gakkou.csv",
    "NAME": "豊渓小学校",
    "ADDRESS": "東京都練馬区土支田2-26-28",
    "DEPTH_M": "",
    "POS_SOURCE": "住所からジオコーディング"
   }
  },
  {
   "type": "Feature",
   "geometry": {
    "type": "Point",
    "coordinates": [
     139.627502,
     35.772736
    ]
   },
   "properties": {
    "SOURCE_FILE": "nerima_gakkou.csv",
    "NAME": "旭町小学校",
    "ADDRESS": "東京都練馬区旭町2-29-1",
    "DEPTH_M": "",
    "POS_SOURCE": "住所からジオコーディング"
   }
  },
  {
   "type": "Feature",
   "geometry": {
    "type": "Point",
    "coordinates": [
     139.599792,
     35.76548
    ]
   },
   "properties": {
    "SOURCE_FILE": "nerima_gakkou.csv",
    "NAME": "大泉第一小学校",
    "ADDRESS": "東京都練馬区大泉町3-16-23",
    "DEPTH_M": "",
    "POS_SOURCE": "住所からジオコーディング"
   }
  },
  {
   "type": "Feature",
   "geometry": {
    "type": "Point",
    "coordinates": [
     139.59108,
     35.748798
    ]
   },
   "properties": {
    "SOURCE_FILE": "nerima_gakkou.csv",
    "NAME": "大泉東小学校",
    "ADDRESS": "東京都練馬区東大泉1-22-1",
    "DEPTH_M": "",
    "POS_SOURCE": "住所からジオコーディング"
   }
  },
  {
   "type": "Feature",
   "geometry": {
    "type": "Point",
    "coordinates": [
     139.596344,
     35.761848
    ]
   },
   "properties": {
    "SOURCE_FILE": "nerima_gakkou.csv",
    "NAME": "大泉北小学校",
    "ADDRESS": "東京都練馬区大泉町4-28-22",
    "DEPTH_M": "",
    "POS_SOURCE": "住所からジオコーディング"
   }
  },
  {
   "type": "Feature",
   "geometry": {
    "type": "Point",
    "coordinates": [
     139.593674,
     35.765148
    ]
   },
   "properties": {
    "SOURCE_FILE": "nerima_gakkou.csv",
    "NAME": "大泉学園小学校",
    "ADDRESS": "東京都練馬区大泉学園町4-7-1",
    "DEPTH_M": "",
    "POS_SOURCE": "住所からジオコーディング"
   }
  },
  {
   "type": "Feature",
   "geometry": {
    "type": "Point",
    "coordinates": [
     139.602036,
     35.754219
    ]
   },
   "properties": {
    "SOURCE_FILE": "nerima_gakkou.csv",
    "NAME": "泉新小学校",
    "ADDRESS": "東京都練馬区三原台3-18-30",
    "DEPTH_M": "",
    "POS_SOURCE": "住所からジオコーディング"
   }
  },
  {
   "type": "Feature",
   "geometry": {
    "type": "Point",
    "coordinates": [
     139.603378,
     35.758743
    ]
   },
   "properties": {
    "SOURCE_FILE": "nerima_gakkou.csv",
    "NAME": "橋戸小学校",
    "ADDRESS": "東京都練馬区大泉町2-11-25",
    "DEPTH_M": "",
    "POS_SOURCE": "住所からジオコーディング"
   }
  },
  {
   "type": "Feature",
   "geometry": {
    "type": "Point",
    "coordinates": [
     139.611481,
     35.76862
    ]
   },
   "properties": {
    "SOURCE_FILE": "nerima_gakkou.csv",
    "NAME": "八坂小学校",
    "ADDRESS": "東京都練馬区土支田4-48-1",
    "DEPTH_M": "",
    "POS_SOURCE": "住所からジオコーディング"
   }
  },
  {
   "type": "Feature",
   "geometry": {
    "type": "Point",
    "coordinates": [
     139.584793,
     35.75135
    ]
   },
   "properties": {
    "SOURCE_FILE": "nerima_gakkou.csv",
    "NAME": "大泉小学校",
    "ADDRESS": "東京都練馬区東大泉4-25-1",
    "DEPTH_M": "",
    "POS_SOURCE": "住所からジオコーディング"
   }
  },
  {
   "type": "Feature",
   "geometry": {
    "type": "Point",
    "coordinates": [
     139.572479,
     35.744164
    ]
   },
   "properties": {
    "SOURCE_FILE": "nerima_gakkou.csv",
    "NAME": "大泉第二小学校",
    "ADDRESS": "東京都練馬区南大泉4-29-11",
    "DEPTH_M": "",
    "POS_SOURCE": "住所からジオコーディング"
   }
  },
  {
   "type": "Feature",
   "geometry": {
    "type": "Point",
    "coordinates": [
     139.580017,
     35.762665
    ]
   },
   "properties": {
    "SOURCE_FILE": "nerima_gakkou.csv",
    "NAME": "大泉第三小学校",
    "ADDRESS": "東京都練馬区大泉学園町3-22-1",
    "DEPTH_M": "",
    "POS_SOURCE": "住所からジオコーディング"
   }
  },
  {
   "type": "Feature",
   "geometry": {
    "type": "Point",
    "coordinates": [
     139.573517,
     35.755466
    ]
   },
   "properties": {
    "SOURCE_FILE": "nerima_gakkou.csv",
    "NAME": "大泉第四小学校",
    "ADDRESS": "東京都練馬区西大泉1-24-1",
    "DEPTH_M": "",
    "POS_SOURCE": "住所からジオコーディング"
   }
  },
  {
   "type": "Feature",
   "geometry": {
    "type": "Point",
    "coordinates": [
     139.571838,
     35.75148
    ]
   },
   "properties": {
    "SOURCE_FILE": "nerima_gakkou.csv",
    "NAME": "大泉第六小学校",
    "ADDRESS": "東京都練馬区南大泉5-25-29",
    "DEPTH_M": "",
    "POS_SOURCE": "住所からジオコーディング"
   }
  },
  {
   "type": "Feature",
   "geometry": {
    "type": "Point",
    "coordinates": [
     139.571945,
     35.76519
    ]
   },
   "properties": {
    "SOURCE_FILE": "nerima_gakkou.csv",
    "NAME": "大泉西小学校",
    "ADDRESS": "東京都練馬区西大泉4-25-1",
    "DEPTH_M": "",
    "POS_SOURCE": "住所からジオコーディング"
   }
  },
  {
   "type": "Feature",
   "geometry": {
    "type": "Point",
    "coordinates": [
     139.581284,
     35.744671
    ]
   },
   "properties": {
    "SOURCE_FILE": "nerima_gakkou.csv",
    "NAME": "大泉南小学校",
    "ADDRESS": "東京都練馬区東大泉6-28-1",
    "DEPTH_M": "",
    "POS_SOURCE": "住所からジオコーディング"
   }
  },
  {
   "type": "Feature",
   "geometry": {
    "type": "Point",
    "coordinates": [
     139.586182,
     35.766052
    ]
   },
   "properties": {
    "SOURCE_FILE": "nerima_gakkou.csv",
    "NAME": "大泉学園緑小学校",
    "ADDRESS": "東京都練馬区大泉学園町5-11-47",
    "DEPTH_M": "",
    "POS_SOURCE": "住所からジオコーディング"
   }
  },
  {
   "type": "Feature",
   "geometry": {
    "type": "Point",
    "coordinates": [
     139.592529,
     35.777493
    ]
   },
   "properties": {
    "SOURCE_FILE": "nerima_gakkou.csv",
    "NAME": "大泉学園桜小学校",
    "ADDRESS": "東京都練馬区大泉学園町9-2-1",
    "DEPTH_M": "",
    "POS_SOURCE": "住所からジオコーディング"
   }
  },
  {
   "type": "Feature",
   "geometry": {
    "type": "Point",
    "coordinates": [
     139.677979,
     35.737038
    ]
   },
   "properties": {
    "SOURCE_FILE": "nerima_gakkou.csv",
    "NAME": "旭丘中学校",
    "ADDRESS": "東京都練馬区旭丘2-40-1",
    "DEPTH_M": "",
    "POS_SOURCE": "住所からジオコーディング"
   }
  },
  {
   "type": "Feature",
   "geometry": {
    "type": "Point",
    "coordinates": [
     139.658081,
     35.729389
    ]
   },
   "properties": {
    "SOURCE_FILE": "nerima_gakkou.csv",
    "NAME": "豊玉中学校",
    "ADDRESS": "東京都練馬区豊玉南2-1-20",
    "DEPTH_M": "",
    "POS_SOURCE": "住所からジオコーディング"
   }
  },
  {
   "type": "Feature",
   "geometry": {
    "type": "Point",
    "coordinates": [
     139.664795,
     35.73502
    ]
   },
   "properties": {
    "SOURCE_FILE": "nerima_gakkou.csv",
    "NAME": "豊玉第二中学校",
    "ADDRESS": "東京都練馬区豊玉北2-24-5",
    "DEPTH_M": "",
    "POS_SOURCE": "住所からジオコーディング"
   }
  },
  {
   "type": "Feature",
   "geometry": {
    "type": "Point",
    "coordinates": [
     139.644455,
     35.728466
    ]
   },
   "properties": {
    "SOURCE_FILE": "nerima_gakkou.csv",
    "NAME": "中村中学校",
    "ADDRESS": "東京都練馬区中村南1-32-21",
    "DEPTH_M": "",
    "POS_SOURCE": "住所からジオコーディング"
   }
  },
  {
   "type": "Feature",
   "geometry": {
    "type": "Point",
    "coordinates": [
     139.660339,
     35.752571
    ]
   },
   "properties": {
    "SOURCE_FILE": "nerima_gakkou.csv",
    "NAME": "開進第一中学校",
    "ADDRESS": "東京都練馬区早宮1-16-50",
    "DEPTH_M": "",
    "POS_SOURCE": "住所からジオコーディング"
   }
  },
  {
   "type": "Feature",
   "geometry": {
    "type": "Point",
    "coordinates": [
     139.653793,
     35.743256
    ]
   },
   "properties": {
    "SOURCE_FILE": "nerima_gakkou.csv",
    "NAME": "開進第二中学校",
    "ADDRESS": "東京都練馬区練馬2-27-28",
    "DEPTH_M": "",
    "POS_SOURCE": "住所からジオコーディング"
   }
  },
  {
   "type": "Feature",
   "geometry": {
    "type": "Point",
    "coordinates": [
     139.665543,
     35.745445
    ]
   },
   "properties": {
    "SOURCE_FILE": "nerima_gakkou.csv",
    "NAME": "開進第三中学校",
    "ADDRESS": "東京都練馬区桜台3-28-1",
    "DEPTH_M": "",
    "POS_SOURCE": "住所からジオコーディング"
   }
  },
  {
   "type": "Feature",
   "geometry": {
    "type": "Point",
    "coordinates": [
     139.673523,
     35.750999
    ]
   },
   "properties": {
    "SOURCE_FILE": "nerima_gakkou.csv",
    "NAME": "開進第四中学校",
    "ADDRESS": "東京都練馬区羽沢3-24-1",
    "DEPTH_M": "",
    "POS_SOURCE": "住所からジオコーディング"
   }
  },
  {
   "type": "Feature",
   "geometry": {
    "type": "Point",
    "coordinates": [
     139.657639,
     35.76693
    ]
   },
   "properties": {
    "SOURCE_FILE": "nerima_gakkou.csv",
    "NAME": "北町中学校",
    "ADDRESS": "東京都練馬区北町3-1-34",
    "DEPTH_M": "",
    "POS_SOURCE": "住所からジオコーディング"
   }
  },
  {
   "type": "Feature",
   "geometry": {
    "type": "Point",
    "coordinates": [
     139.635162,
     35.747177
    ]
   },
   "properties": {
    "SOURCE_FILE": "nerima_gakkou.csv",
    "NAME": "練馬中学校",
    "ADDRESS": "東京都練馬区高松1-24-1",
    "DEPTH_M": "",
    "POS_SOURCE": "住所からジオコーディング"
   }
  },
  {
   "type": "Feature",
   "geometry": {
    "type": "Point",
    "coordinates": [
     139.647049,
     35.756847
    ]
   },
   "properties": {
    "SOURCE_FILE": "nerima_gakkou.csv",
    "NAME": "練馬東中学校",
    "ADDRESS": "東京都練馬区春日町2-14-22",
    "DEPTH_M": "",
    "POS_SOURCE": "住所からジオコーディング"
   }
  },
  {
   "type": "Feature",
   "geometry": {
    "type": "Point",
    "coordinates": [
     139.632629,
     35.739555
    ]
   },
   "properties": {
    "SOURCE_FILE": "nerima_gakkou.csv",
    "NAME": "貫井中学校",
    "ADDRESS": "東京都練馬区貫井2-14-13",
    "DEPTH_M": "",
    "POS_SOURCE": "住所からジオコーディング"
   }
  },
  {
   "type": "Feature",
   "geometry": {
    "type": "Point",
    "coordinates": [
     139.641754,
     35.759323
    ]
   },
   "properties": {
    "SOURCE_FILE": "nerima_gakkou.csv",
    "NAME": "田柄中学校",
    "ADDRESS": "東京都練馬区田柄3-3-1",
    "DEPTH_M": "",
    "POS_SOURCE": "住所からジオコーディング"
   }
  },
  {
   "type": "Feature",
   "geometry": {
    "type": "Point",
    "coordinates": [
     139.627762,
     35.773956
    ]
   },
   "properties": {
    "SOURCE_FILE": "nerima_gakkou.csv",
    "NAME": "豊渓中学校",
    "ADDRESS": "東京都練馬区旭町3-5-10",
    "DEPTH_M": "",
    "POS_SOURCE": "住所からジオコーディング"
   }
  },
  {
   "type": "Feature",
   "geometry": {
    "type": "Point",
    "coordinates": [
     139.622757,
     35.760433
    ]
   },
   "properties": {
    "SOURCE_FILE": "nerima_gakkou.csv",
    "NAME": "光が丘第一中学校",
    "ADDRESS": "東京都練馬区光が丘6-5-1",
    "DEPTH_M": "",
    "POS_SOURCE": "住所からジオコーディング"
   }
  },
  {
   "type": "Feature",
   "geometry": {
    "type": "Point",
    "coordinates": [
     139.62558,
     35.754353
    ]
   },
   "properties": {
    "SOURCE_FILE": "nerima_gakkou.csv",
    "NAME": "光が丘第二中学校",
    "ADDRESS": "東京都練馬区光が丘7-1-1",
    "DEPTH_M": "",
    "POS_SOURCE": "住所からジオコーディング"
   }
  },
  {
   "type": "Feature",
   "geometry": {
    "type": "Point",
    "coordinates": [
     139.631012,
     35.755108
    ]
   },
   "properties": {
    "SOURCE_FILE": "nerima_gakkou.csv",
    "NAME": "光が丘第三中学校",
    "ADDRESS": "東京都練馬区光が丘3-2-1",
    "DEPTH_M": "",
    "POS_SOURCE": "住所からジオコーディング"
   }
  },
  {
   "type": "Feature",
   "geometry": {
    "type": "Point",
    "coordinates": [
     139.595963,
     35.741051
    ]
   },
   "properties": {
    "SOURCE_FILE": "nerima_gakkou.csv",
    "NAME": "石神井中学校",
    "ADDRESS": "東京都練馬区石神井台1-32-1",
    "DEPTH_M": "",
    "POS_SOURCE": "住所からジオコーディング"
   }
  },
  {
   "type": "Feature",
   "geometry": {
    "type": "Point",
    "coordinates": [
     139.617294,
     35.742241
    ]
   },
   "properties": {
    "SOURCE_FILE": "nerima_gakkou.csv",
    "NAME": "石神井東中学校",
    "ADDRESS": "東京都練馬区高野台1-8-34",
    "DEPTH_M": "",
    "POS_SOURCE": "住所からジオコーディング"
   }
  },
  {
   "type": "Feature",
   "geometry": {
    "type": "Point",
    "coordinates": [
     139.581345,
     35.719994
    ]
   },
   "properties": {
    "SOURCE_FILE": "nerima_gakkou.csv",
    "NAME": "石神井西中学校",
    "ADDRESS": "東京都練馬区関町南3-10-3",
    "DEPTH_M": "",
    "POS_SOURCE": "住所からジオコーディング"
   }
  },
  {
   "type": "Feature",
   "geometry": {
    "type": "Point",
    "coordinates": [
     139.609406,
     35.730728
    ]
   },
   "properties": {
    "SOURCE_FILE": "nerima_gakkou.csv",
    "NAME": "石神井南中学校",
    "ADDRESS": "東京都練馬区下石神井2-7-23",
    "DEPTH_M": "",
    "POS_SOURCE": "住所からジオコーディング"
   }
  },
  {
   "type": "Feature",
   "geometry": {
    "type": "Point",
    "coordinates": [
     139.588806,
     35.728619
    ]
   },
   "properties": {
    "SOURCE_FILE": "nerima_gakkou.csv",
    "NAME": "上石神井中学校",
    "ADDRESS": "東京都練馬区上石神井4-15-27",
    "DEPTH_M": "",
    "POS_SOURCE": "住所からジオコーディング"
   }
  },
  {
   "type": "Feature",
   "geometry": {
    "type": "Point",
    "coordinates": [
     139.612686,
     35.734592
    ]
   },
   "properties": {
    "SOURCE_FILE": "nerima_gakkou.csv",
    "NAME": "南が丘中学校",
    "ADDRESS": "東京都練馬区南田中4-8-23",
    "DEPTH_M": "",
    "POS_SOURCE": "住所からジオコーディング"
   }
  },
  {
   "type": "Feature",
   "geometry": {
    "type": "Point",
    "coordinates": [
     139.614853,
     35.753975
    ]
   },
   "properties": {
    "SOURCE_FILE": "nerima_gakkou.csv",
    "NAME": "谷原中学校",
    "ADDRESS": "東京都練馬区谷原4-10-5",
    "DEPTH_M": "",
    "POS_SOURCE": "住所からジオコーディング"
   }
  },
  {
   "type": "Feature",
   "geometry": {
    "type": "Point",
    "coordinates": [
     139.600815,
     35.754318
    ]
   },
   "properties": {
    "SOURCE_FILE": "nerima_gakkou.csv",
    "NAME": "三原台中学校",
    "ADDRESS": "東京都練馬区三原台3-13-41",
    "DEPTH_M": "",
    "POS_SOURCE": "住所からジオコーディング"
   }
  },
  {
   "type": "Feature",
   "geometry": {
    "type": "Point",
    "coordinates": [
     139.585922,
     35.752644
    ]
   },
   "properties": {
    "SOURCE_FILE": "nerima_gakkou.csv",
    "NAME": "大泉中学校",
    "ADDRESS": "東京都練馬区東大泉4-27-35",
    "DEPTH_M": "",
    "POS_SOURCE": "住所からジオコーディング"
   }
  },
  {
   "type": "Feature",
   "geometry": {
    "type": "Point",
    "coordinates": [
     139.585388,
     35.744503
    ]
   },
   "properties": {
    "SOURCE_FILE": "nerima_gakkou.csv",
    "NAME": "大泉第二中学校",
    "ADDRESS": "東京都練馬区東大泉6-21-1",
    "DEPTH_M": "",
    "POS_SOURCE": "住所からジオコーディング"
   }
  },
  {
   "type": "Feature",
   "geometry": {
    "type": "Point",
    "coordinates": [
     139.580551,
     35.758732
    ]
   },
   "properties": {
    "SOURCE_FILE": "nerima_gakkou.csv",
    "NAME": "大泉西中学校",
    "ADDRESS": "東京都練馬区西大泉3-19-27",
    "DEPTH_M": "",
    "POS_SOURCE": "住所からジオコーディング"
   }
  },
  {
   "type": "Feature",
   "geometry": {
    "type": "Point",
    "coordinates": [
     139.596283,
     35.760006
    ]
   },
   "properties": {
    "SOURCE_FILE": "nerima_gakkou.csv",
    "NAME": "大泉北中学校",
    "ADDRESS": "東京都練馬区大泉町5-4-32",
    "DEPTH_M": "",
    "POS_SOURCE": "住所からジオコーディング"
   }
  },
  {
   "type": "Feature",
   "geometry": {
    "type": "Point",
    "coordinates": [
     139.590149,
     35.767311
    ]
   },
   "properties": {
    "SOURCE_FILE": "nerima_gakkou.csv",
    "NAME": "大泉学園中学校",
    "ADDRESS": "東京都練馬区大泉学園町4-17-32",
    "DEPTH_M": "",
    "POS_SOURCE": "住所からジオコーディング"
   }
  },
  {
   "type": "Feature",
   "geometry": {
    "type": "Point",
    "coordinates": [
     139.592529,
     35.777493
    ]
   },
   "properties": {
    "SOURCE_FILE": "nerima_gakkou.csv",
    "NAME": "大泉学園桜中学校",
    "ADDRESS": "東京都練馬区大泉学園町9-2-1",
    "DEPTH_M": "",
    "POS_SOURCE": "住所からジオコーディング"
   }
  },
  {
   "type": "Feature",
   "geometry": {
    "type": "Point",
    "coordinates": [
     139.575485,
     35.731331
    ]
   },
   "properties": {
    "SOURCE_FILE": "nerima_gakkou.csv",
    "NAME": "関中学校",
    "ADDRESS": "東京都練馬区関町北4-34-23",
    "DEPTH_M": "",
    "POS_SOURCE": "住所からジオコーディング"
   }
  },
  {
   "type": "Feature",
   "geometry": {
    "type": "Point",
    "coordinates": [
     139.611694,
     35.76944
    ]
   },
   "properties": {
    "SOURCE_FILE": "nerima_gakkou.csv",
    "NAME": "八坂中学校",
    "ADDRESS": "東京都練馬区土支田4-47-21",
    "DEPTH_M": "",
    "POS_SOURCE": "住所からジオコーディング"
   }
  },
  {
   "type": "Feature",
   "geometry": {
    "type": "Point",
    "coordinates": [
     130.739444,
     32.793056
    ]
   },
   "properties": {
    "SOURCE_FILE": "kumamoto_obswell.csv",
    "NAME": "水前寺",
    "ADDRESS": "中央区水前寺",
    "DEPTH_M": "",
    "POS_SOURCE": "原本の座標"
   }
  },
  {
   "type": "Feature",
   "geometry": {
    "type": "Point",
    "coordinates": [
     130.726944,
     32.758889
    ]
   },
   "properties": {
    "SOURCE_FILE": "kumamoto_obswell.csv",
    "NAME": "田迎【浅】",
    "ADDRESS": "南区良町",
    "DEPTH_M": "",
    "POS_SOURCE": "原本の座標"
   }
  },
  {
   "type": "Feature",
   "geometry": {
    "type": "Point",
    "coordinates": [
     130.726964,
     32.758909
    ]
   },
   "properties": {
    "SOURCE_FILE": "kumamoto_obswell.csv",
    "NAME": "田迎【深】",
    "ADDRESS": "南区良町",
    "DEPTH_M": "",
    "POS_SOURCE": "原本の座標"
   }
  },
  {
   "type": "Feature",
   "geometry": {
    "type": "Point",
    "coordinates": [
     130.818889,
     32.818611
    ]
   },
   "properties": {
    "SOURCE_FILE": "kumamoto_obswell.csv",
    "NAME": "日向東",
    "ADDRESS": "東区戸島町",
    "DEPTH_M": "",
    "POS_SOURCE": "原本の座標"
   }
  },
  {
   "type": "Feature",
   "geometry": {
    "type": "Point",
    "coordinates": [
     130.812222,
     32.817222
    ]
   },
   "properties": {
    "SOURCE_FILE": "kumamoto_obswell.csv",
    "NAME": "日向西",
    "ADDRESS": "東区戸島町",
    "DEPTH_M": "",
    "POS_SOURCE": "原本の座標"
   }
  },
  {
   "type": "Feature",
   "geometry": {
    "type": "Point",
    "coordinates": [
     130.681389,
     32.756944
    ]
   },
   "properties": {
    "SOURCE_FILE": "kumamoto_obswell.csv",
    "NAME": "力合【浅】",
    "ADDRESS": "南区刈草",
    "DEPTH_M": "",
    "POS_SOURCE": "原本の座標"
   }
  },
  {
   "type": "Feature",
   "geometry": {
    "type": "Point",
    "coordinates": [
     130.681409,
     32.756964
    ]
   },
   "properties": {
    "SOURCE_FILE": "kumamoto_obswell.csv",
    "NAME": "力合【深】",
    "ADDRESS": "南区刈草",
    "DEPTH_M": "",
    "POS_SOURCE": "原本の座標"
   }
  },
  {
   "type": "Feature",
   "geometry": {
    "type": "Point",
    "coordinates": [
     130.771944,
     32.855556
    ]
   },
   "properties": {
    "SOURCE_FILE": "kumamoto_obswell.csv",
    "NAME": "武蔵ヶ丘",
    "ADDRESS": "北区武蔵ヶ丘",
    "DEPTH_M": "",
    "POS_SOURCE": "原本の座標"
   }
  },
  {
   "type": "Feature",
   "geometry": {
    "type": "Point",
    "coordinates": [
     130.716389,
     32.748056
    ]
   },
   "properties": {
    "SOURCE_FILE": "kumamoto_obswell.csv",
    "NAME": "御幸木部【深】",
    "ADDRESS": "南区御幸木部",
    "DEPTH_M": "",
    "POS_SOURCE": "原本の座標"
   }
  },
  {
   "type": "Feature",
   "geometry": {
    "type": "Point",
    "coordinates": [
     130.716409,
     32.748076
    ]
   },
   "properties": {
    "SOURCE_FILE": "kumamoto_obswell.csv",
    "NAME": "御幸木部【浅】",
    "ADDRESS": "南区御幸木部",
    "DEPTH_M": "",
    "POS_SOURCE": "原本の座標"
   }
  },
  {
   "type": "Feature",
   "geometry": {
    "type": "Point",
    "coordinates": [
     130.629722,
     32.766389
    ]
   },
   "properties": {
    "SOURCE_FILE": "kumamoto_obswell.csv",
    "NAME": "沖新中島No.1【浅】",
    "ADDRESS": "西区中島町",
    "DEPTH_M": "",
    "POS_SOURCE": "原本の座標"
   }
  },
  {
   "type": "Feature",
   "geometry": {
    "type": "Point",
    "coordinates": [
     130.629742,
     32.766409
    ]
   },
   "properties": {
    "SOURCE_FILE": "kumamoto_obswell.csv",
    "NAME": "沖新中島No.2【地沈】",
    "ADDRESS": "西区中島町",
    "DEPTH_M": "",
    "POS_SOURCE": "原本の座標"
   }
  },
  {
   "type": "Feature",
   "geometry": {
    "type": "Point",
    "coordinates": [
     130.629762,
     32.766429
    ]
   },
   "properties": {
    "SOURCE_FILE": "kumamoto_obswell.csv",
    "NAME": "沖新中島No.3【深】",
    "ADDRESS": "西区中島町",
    "DEPTH_M": "",
    "POS_SOURCE": "原本の座標"
   }
  },
  {
   "type": "Feature",
   "geometry": {
    "type": "Point",
    "coordinates": [
     130.745556,
     32.773611
    ]
   },
   "properties": {
    "SOURCE_FILE": "kumamoto_obswell.csv",
    "NAME": "江津No.1【浅】",
    "ADDRESS": "東区健軍",
    "DEPTH_M": "",
    "POS_SOURCE": "原本の座標"
   }
  },
  {
   "type": "Feature",
   "geometry": {
    "type": "Point",
    "coordinates": [
     130.746944,
     32.774167
    ]
   },
   "properties": {
    "SOURCE_FILE": "kumamoto_obswell.csv",
    "NAME": "江津No.2【浅】",
    "ADDRESS": "東区健軍",
    "DEPTH_M": "",
    "POS_SOURCE": "原本の座標"
   }
  },
  {
   "type": "Feature",
   "geometry": {
    "type": "Point",
    "coordinates": [
     130.716111,
     32.799722
    ]
   },
   "properties": {
    "SOURCE_FILE": "kumamoto_obswell.csv",
    "NAME": "白川【深】",
    "ADDRESS": "中央区九品寺",
    "DEPTH_M": "",
    "POS_SOURCE": "原本の座標"
   }
  },
  {
   "type": "Feature",
   "geometry": {
    "type": "Point",
    "coordinates": [
     130.716131,
     32.799742
    ]
   },
   "properties": {
    "SOURCE_FILE": "kumamoto_obswell.csv",
    "NAME": "白川【浅】",
    "ADDRESS": "中央区九品寺",
    "DEPTH_M": "",
    "POS_SOURCE": "原本の座標"
   }
  },
  {
   "type": "Feature",
   "geometry": {
    "type": "Point",
    "coordinates": [
     130.771389,
     32.834444
    ]
   },
   "properties": {
    "SOURCE_FILE": "kumamoto_obswell.csv",
    "NAME": "上南部",
    "ADDRESS": "東区上南部",
    "DEPTH_M": "",
    "POS_SOURCE": "原本の座標"
   }
  },
  {
   "type": "Feature",
   "geometry": {
    "type": "Point",
    "coordinates": [
     130.777222,
     32.793056
    ]
   },
   "properties": {
    "SOURCE_FILE": "kumamoto_obswell.csv",
    "NAME": "健軍",
    "ADDRESS": "東区佐土原",
    "DEPTH_M": "",
    "POS_SOURCE": "原本の座標"
   }
  },
  {
   "type": "Feature",
   "geometry": {
    "type": "Point",
    "coordinates": [
     130.703056,
     32.869722
    ]
   },
   "properties": {
    "SOURCE_FILE": "kumamoto_obswell.csv",
    "NAME": "北部【浅】",
    "ADDRESS": "北区鹿子木町",
    "DEPTH_M": "",
    "POS_SOURCE": "原本の座標"
   }
  },
  {
   "type": "Feature",
   "geometry": {
    "type": "Point",
    "coordinates": [
     130.703076,
     32.869742
    ]
   },
   "properties": {
    "SOURCE_FILE": "kumamoto_obswell.csv",
    "NAME": "北部【深】",
    "ADDRESS": "北区鹿子木町",
    "DEPTH_M": "",
    "POS_SOURCE": "原本の座標"
   }
  },
  {
   "type": "Feature",
   "geometry": {
    "type": "Point",
    "coordinates": [
     130.711944,
     32.766944
    ]
   },
   "properties": {
    "SOURCE_FILE": "kumamoto_obswell.csv",
    "NAME": "御幸笛田【地沈】",
    "ADDRESS": "南区幸田",
    "DEPTH_M": "",
    "POS_SOURCE": "原本の座標"
   }
  },
  {
   "type": "Feature",
   "geometry": {
    "type": "Point",
    "coordinates": [
     130.711964,
     32.766964
    ]
   },
   "properties": {
    "SOURCE_FILE": "kumamoto_obswell.csv",
    "NAME": "御幸笛田【深】",
    "ADDRESS": "南区幸田",
    "DEPTH_M": "",
    "POS_SOURCE": "原本の座標"
   }
  },
  {
   "type": "Feature",
   "geometry": {
    "type": "Point",
    "coordinates": [
     130.635,
     32.733611
    ]
   },
   "properties": {
    "SOURCE_FILE": "kumamoto_obswell.csv",
    "NAME": "天明No.1【深】",
    "ADDRESS": "南区奧古閑町",
    "DEPTH_M": "",
    "POS_SOURCE": "原本の座標"
   }
  },
  {
   "type": "Feature",
   "geometry": {
    "type": "Point",
    "coordinates": [
     130.63498,
     32.733591
    ]
   },
   "properties": {
    "SOURCE_FILE": "kumamoto_obswell.csv",
    "NAME": "天明No.2【地沈】",
    "ADDRESS": "南区奧古閑町",
    "DEPTH_M": "",
    "POS_SOURCE": "原本の座標"
   }
  },
  {
   "type": "Feature",
   "geometry": {
    "type": "Point",
    "coordinates": [
     130.63496,
     32.733571
    ]
   },
   "properties": {
    "SOURCE_FILE": "kumamoto_obswell.csv",
    "NAME": "天明No.3【浅】",
    "ADDRESS": "南区奧古閑町",
    "DEPTH_M": "",
    "POS_SOURCE": "原本の座標"
   }
  },
  {
   "type": "Feature",
   "geometry": {
    "type": "Point",
    "coordinates": [
     130.583056,
     32.836111
    ]
   },
   "properties": {
    "SOURCE_FILE": "kumamoto_obswell.csv",
    "NAME": "河内",
    "ADDRESS": "西区河内町",
    "DEPTH_M": "",
    "POS_SOURCE": "原本の座標"
   }
  },
  {
   "type": "Feature",
   "geometry": {
    "type": "Point",
    "coordinates": [
     130.698056,
     32.822778
    ]
   },
   "properties": {
    "SOURCE_FILE": "kumamoto_obswell.csv",
    "NAME": "池亀【浅】",
    "ADDRESS": "西区池亀町",
    "DEPTH_M": "",
    "POS_SOURCE": "原本の座標"
   }
  },
  {
   "type": "Feature",
   "geometry": {
    "type": "Point",
    "coordinates": [
     130.698076,
     32.822798
    ]
   },
   "properties": {
    "SOURCE_FILE": "kumamoto_obswell.csv",
    "NAME": "池亀【深】",
    "ADDRESS": "西区池亀町",
    "DEPTH_M": "",
    "POS_SOURCE": "原本の座標"
   }
  },
  {
   "type": "Feature",
   "geometry": {
    "type": "Point",
    "coordinates": [
     130.769444,
     32.805
    ]
   },
   "properties": {
    "SOURCE_FILE": "kumamoto_obswell.csv",
    "NAME": "長嶺",
    "ADDRESS": "東区月出",
    "DEPTH_M": "",
    "POS_SOURCE": "原本の座標"
   }
  },
  {
   "type": "Feature",
   "geometry": {
    "type": "Point",
    "coordinates": [
     130.653056,
     32.757778
    ]
   },
   "properties": {
    "SOURCE_FILE": "kumamoto_obswell.csv",
    "NAME": "飽田【地沈】",
    "ADDRESS": "南区浜口町",
    "DEPTH_M": "",
    "POS_SOURCE": "原本の座標"
   }
  },
  {
   "type": "Feature",
   "geometry": {
    "type": "Point",
    "coordinates": [
     130.653076,
     32.757798
    ]
   },
   "properties": {
    "SOURCE_FILE": "kumamoto_obswell.csv",
    "NAME": "飽田【深】",
    "ADDRESS": "南区浜口町",
    "DEPTH_M": "",
    "POS_SOURCE": "原本の座標"
   }
  },
  {
   "type": "Feature",
   "geometry": {
    "type": "Point",
    "coordinates": [
     130.708056,
     32.7875
    ]
   },
   "properties": {
    "SOURCE_FILE": "kumamoto_obswell.csv",
    "NAME": "春竹",
    "ADDRESS": "中央区琴平",
    "DEPTH_M": "",
    "POS_SOURCE": "原本の座標"
   }
  },
  {
   "type": "Feature",
   "geometry": {
    "type": "Point",
    "coordinates": [
     130.791273,
     32.895254
    ]
   },
   "properties": {
    "SOURCE_FILE": "kumamoto_obswell.csv",
    "NAME": "熊本第２号",
    "ADDRESS": "上庄",
    "DEPTH_M": "",
    "POS_SOURCE": "原本の座標"
   }
  },
  {
   "type": "Feature",
   "geometry": {
    "type": "Point",
    "coordinates": [
     130.744257,
     32.899193
    ]
   },
   "properties": {
    "SOURCE_FILE": "kumamoto_obswell.csv",
    "NAME": "熊本第３号",
    "ADDRESS": "野々島",
    "DEPTH_M": "",
    "POS_SOURCE": "原本の座標"
   }
  },
  {
   "type": "Feature",
   "geometry": {
    "type": "Point",
    "coordinates": [
     130.63479,
     32.754371
    ]
   },
   "properties": {
    "SOURCE_FILE": "kumamoto_obswell.csv",
    "NAME": "熊本第４号",
    "ADDRESS": "南区並建町",
    "DEPTH_M": "",
    "POS_SOURCE": "原本の座標"
   }
  },
  {
   "type": "Feature",
   "geometry": {
    "type": "Point",
    "coordinates": [
     130.821528,
     32.845008
    ]
   },
   "properties": {
    "SOURCE_FILE": "kumamoto_obswell.csv",
    "NAME": "熊本第５号",
    "ADDRESS": "辛川",
    "DEPTH_M": "",
    "POS_SOURCE": "原本の座標"
   }
  },
  {
   "type": "Feature",
   "geometry": {
    "type": "Point",
    "coordinates": [
     130.883658,
     32.904856
    ]
   },
   "properties": {
    "SOURCE_FILE": "kumamoto_obswell.csv",
    "NAME": "熊本第６号",
    "ADDRESS": "平川",
    "DEPTH_M": "",
    "POS_SOURCE": "原本の座標"
   }
  },
  {
   "type": "Feature",
   "geometry": {
    "type": "Point",
    "coordinates": [
     130.675887,
     32.879713
    ]
   },
   "properties": {
    "SOURCE_FILE": "kumamoto_obswell.csv",
    "NAME": "熊本第７号",
    "ADDRESS": "北区植木町",
    "DEPTH_M": "",
    "POS_SOURCE": "原本の座標"
   }
  },
  {
   "type": "Feature",
   "geometry": {
    "type": "Point",
    "coordinates": [
     130.714129,
     32.726296
    ]
   },
   "properties": {
    "SOURCE_FILE": "kumamoto_obswell.csv",
    "NAME": "熊本第８号",
    "ADDRESS": "南区城南町",
    "DEPTH_M": "",
    "POS_SOURCE": "原本の座標"
   }
  },
  {
   "type": "Feature",
   "geometry": {
    "type": "Point",
    "coordinates": [
     130.788661,
     32.943273
    ]
   },
   "properties": {
    "SOURCE_FILE": "kumamoto_obswell.csv",
    "NAME": "熊本第９号",
    "ADDRESS": "泗水町",
    "DEPTH_M": "",
    "POS_SOURCE": "原本の座標"
   }
  },
  {
   "type": "Feature",
   "geometry": {
    "type": "Point",
    "coordinates": [
     130.827484,
     32.799895
    ]
   },
   "properties": {
    "SOURCE_FILE": "kumamoto_obswell.csv",
    "NAME": "熊本第１０号",
    "ADDRESS": "寺迫",
    "DEPTH_M": "",
    "POS_SOURCE": "原本の座標"
   }
  },
  {
   "type": "Feature",
   "geometry": {
    "type": "Point",
    "coordinates": [
     130.784934,
     32.970461
    ]
   },
   "properties": {
    "SOURCE_FILE": "kumamoto_obswell.csv",
    "NAME": "熊本第１１号",
    "ADDRESS": "西寺",
    "DEPTH_M": "",
    "POS_SOURCE": "原本の座標"
   }
  },
  {
   "type": "Feature",
   "geometry": {
    "type": "Point",
    "coordinates": [
     130.735492,
     32.784388
    ]
   },
   "properties": {
    "SOURCE_FILE": "kumamoto_obswell.csv",
    "NAME": "熊本第１２号",
    "ADDRESS": "中央区出水",
    "DEPTH_M": "",
    "POS_SOURCE": "原本の座標"
   }
  },
  {
   "type": "Feature",
   "geometry": {
    "type": "Point",
    "coordinates": [
     130.908859,
     32.854571
    ]
   },
   "properties": {
    "SOURCE_FILE": "kumamoto_obswell.csv",
    "NAME": "熊本第１３号",
    "ADDRESS": "鳥子",
    "DEPTH_M": "",
    "POS_SOURCE": "原本の座標"
   }
  },
  {
   "type": "Feature",
   "geometry": {
    "type": "Point",
    "coordinates": [
     130.741597,
     32.791668
    ]
   },
   "properties": {
    "SOURCE_FILE": "kumamoto_obswell.csv",
    "NAME": "熊本第１４号",
    "ADDRESS": "中央区水前寺",
    "DEPTH_M": "",
    "POS_SOURCE": "原本の座標"
   }
  },
  {
   "type": "Feature",
   "geometry": {
    "type": "Point",
    "coordinates": [
     130.791673,
     32.791637
    ]
   },
   "properties": {
    "SOURCE_FILE": "kumamoto_obswell.csv",
    "NAME": "熊本第１５号",
    "ADDRESS": "福富",
    "DEPTH_M": "",
    "POS_SOURCE": "原本の座標"
   }
  },
  {
   "type": "Feature",
   "geometry": {
    "type": "Point",
    "coordinates": [
     130.757895,
     32.741057
    ]
   },
   "properties": {
    "SOURCE_FILE": "kumamoto_obswell.csv",
    "NAME": "熊本第１６号",
    "ADDRESS": "上島",
    "DEPTH_M": "",
    "POS_SOURCE": "原本の座標"
   }
  },
  {
   "type": "Feature",
   "geometry": {
    "type": "Point",
    "coordinates": [
     130.587921,
     32.469503
    ]
   },
   "properties": {
    "SOURCE_FILE": "kumamoto_obswell.csv",
    "NAME": "八代第１号",
    "ADDRESS": "揚町",
    "DEPTH_M": "",
    "POS_SOURCE": "原本の座標"
   }
  },
  {
   "type": "Feature",
   "geometry": {
    "type": "Point",
    "coordinates": [
     130.587941,
     32.469523
    ]
   },
   "properties": {
    "SOURCE_FILE": "kumamoto_obswell.csv",
    "NAME": "八代第２号",
    "ADDRESS": "揚町",
    "DEPTH_M": "",
    "POS_SOURCE": "原本の座標"
   }
  },
  {
   "type": "Feature",
   "geometry": {
    "type": "Point",
    "coordinates": [
     130.635748,
     32.563158
    ]
   },
   "properties": {
    "SOURCE_FILE": "kumamoto_obswell.csv",
    "NAME": "八代第３号",
    "ADDRESS": "鑑町",
    "DEPTH_M": "",
    "POS_SOURCE": "原本の座標"
   }
  },
  {
   "type": "Feature",
   "geometry": {
    "type": "Point",
    "coordinates": [
     130.605032,
     32.486665
    ]
   },
   "properties": {
    "SOURCE_FILE": "kumamoto_obswell.csv",
    "NAME": "八代第４号",
    "ADDRESS": "大福寺",
    "DEPTH_M": "",
    "POS_SOURCE": "原本の座標"
   }
  },
  {
   "type": "Feature",
   "geometry": {
    "type": "Point",
    "coordinates": [
     130.596947,
     32.518685
    ]
   },
   "properties": {
    "SOURCE_FILE": "kumamoto_obswell.csv",
    "NAME": "八代第５号",
    "ADDRESS": "永碇町",
    "DEPTH_M": "",
    "POS_SOURCE": "原本の座標"
   }
  },
  {
   "type": "Feature",
   "geometry": {
    "type": "Point",
    "coordinates": [
     130.604509,
     32.538664
    ]
   },
   "properties": {
    "SOURCE_FILE": "kumamoto_obswell.csv",
    "NAME": "八代第６号",
    "ADDRESS": "古閑浜町",
    "DEPTH_M": "",
    "POS_SOURCE": "原本の座標"
   }
  },
  {
   "type": "Feature",
   "geometry": {
    "type": "Point",
    "coordinates": [
     130.663278,
     32.582253
    ]
   },
   "properties": {
    "SOURCE_FILE": "kumamoto_obswell.csv",
    "NAME": "八代第７号",
    "ADDRESS": "鹿島",
    "DEPTH_M": "",
    "POS_SOURCE": "原本の座標"
   }
  },
  {
   "type": "Feature",
   "geometry": {
    "type": "Point",
    "coordinates": [
     130.446022,
     32.947485
    ]
   },
   "properties": {
    "SOURCE_FILE": "kumamoto_obswell.csv",
    "NAME": "玉名有明第１号",
    "ADDRESS": "牛水",
    "DEPTH_M": "",
    "POS_SOURCE": "原本の座標"
   }
  },
  {
   "type": "Feature",
   "geometry": {
    "type": "Point",
    "coordinates": [
     130.509099,
     32.912662
    ]
   },
   "properties": {
    "SOURCE_FILE": "kumamoto_obswell.csv",
    "NAME": "玉名有明第２号",
    "ADDRESS": "岱明町",
    "DEPTH_M": "",
    "POS_SOURCE": "原本の座標"
   }
  },
  {
   "type": "Feature",
   "geometry": {
    "type": "Point",
    "coordinates": [
     130.43801,
     32.977666
    ]
   },
   "properties": {
    "SOURCE_FILE": "kumamoto_obswell.csv",
    "NAME": "玉名有明第３号",
    "ADDRESS": "荒尾",
    "DEPTH_M": "",
    "POS_SOURCE": "原本の座標"
   }
  },
  {
   "type": "Feature",
   "geometry": {
    "type": "Point",
    "coordinates": [
     130.436761,
     32.963314
    ]
   },
   "properties": {
    "SOURCE_FILE": "kumamoto_obswell.csv",
    "NAME": "玉名有明第４号",
    "ADDRESS": "蔵満",
    "DEPTH_M": "",
    "POS_SOURCE": "原本の座標"
   }
  },
  {
   "type": "Feature",
   "geometry": {
    "type": "Point",
    "coordinates": [
     130.452471,
     32.92811
    ]
   },
   "properties": {
    "SOURCE_FILE": "kumamoto_obswell.csv",
    "NAME": "玉名有明第５号",
    "ADDRESS": "長洲",
    "DEPTH_M": "",
    "POS_SOURCE": "原本の座標"
   }
  },
  {
   "type": "Feature",
   "geometry": {
    "type": "Point",
    "coordinates": [
     130.553466,
     32.896662
    ]
   },
   "properties": {
    "SOURCE_FILE": "kumamoto_obswell.csv",
    "NAME": "玉名有明第６号",
    "ADDRESS": "大浜町",
    "DEPTH_M": "",
    "POS_SOURCE": "原本の座標"
   }
  },
  {
   "type": "Feature",
   "geometry": {
    "type": "Point",
    "coordinates": [
     130.184231,
     32.493699
    ]
   },
   "properties": {
    "SOURCE_FILE": "kumamoto_obswell.csv",
    "NAME": "天草第１号",
    "ADDRESS": "佐伊津町",
    "DEPTH_M": "",
    "POS_SOURCE": "原本の座標"
   }
  },
  {
   "type": "Feature",
   "geometry": {
    "type": "Point",
    "coordinates": [
     131.110496,
     32.93349
    ]
   },
   "properties": {
    "SOURCE_FILE": "kumamoto_obswell.csv",
    "NAME": "阿蘇谷第１号",
    "ADDRESS": "一の宮町",
    "DEPTH_M": "",
    "POS_SOURCE": "原本の座標"
   }
  },
  {
   "type": "Feature",
   "geometry": {
    "type": "Point",
    "coordinates": [
     131.121483,
     32.84354
    ]
   },
   "properties": {
    "SOURCE_FILE": "kumamoto_obswell.csv",
    "NAME": "南郷谷第１号",
    "ADDRESS": "色見",
    "DEPTH_M": "",
    "POS_SOURCE": "原本の座標"
   }
  },
  {
   "type": "Feature",
   "geometry": {
    "type": "Point",
    "coordinates": [
     131.083183,
     32.825539
    ]
   },
   "properties": {
    "SOURCE_FILE": "kumamoto_obswell.csv",
    "NAME": "南郷谷第２号",
    "ADDRESS": "吉田",
    "DEPTH_M": "",
    "POS_SOURCE": "原本の座標"
   }
  }
 ]
}
